group,gender,spk_id,user_id,batch_id,audio_id,sentence,audio,duration_seconds
NNM,M,Spk2,U_17a5819536,575_600,Bemba_NNM_Spk2_U_17a5819536_Utterance_1,komiti ya maisosele yalifwaile inshila yakucitilamo ici,Bemba_NNM_Spk2_U_17a5819536_Utterance_1_575_600.wav,6.216
NNM,M,Spk2,U_17a5819536,575_600,Bemba_NNM_Spk2_U_17a5819536_Utterance_2,ashimishe umulilo kabili aponene kabili mu cipuna,Bemba_NNM_Spk2_U_17a5819536_Utterance_2_575_600.wav,4.487
NNM,M,Spk2,U_17a5819536,575_600,Bemba_NNM_Spk2_U_17a5819536_Utterance_3,kuti washa shani imfungulo mu kapunda ka ciibi,Bemba_NNM_Spk2_U_17a5819536_Utterance_3_575_600.wav,4.353
NNM,M,Spk2,U_17a5819536,575_600,Bemba_NNM_Spk2_U_17a5819536_Utterance_4,kwena cicili icansansa kabili kuti nacita ukulanshanya bwino fye,Bemba_NNM_Spk2_U_17a5819536_Utterance_4_575_600.wav,6.264
NNM,M,Spk2,U_17a5819536,575_600,Bemba_NNM_Spk2_U_17a5819536_Utterance_5,icani icanakililila icisuma ica mumutengo insansa isho bucibusa buleta pali ine,Bemba_NNM_Spk2_U_17a5819536_Utterance_5_575_600.wav,9.77
NNM,M,Spk2,U_17a5819536,575_600,Bemba_NNM_Spk2_U_17a5819536_Utterance_6,isenge libe na iwe no mutende ukufuma kuli lesa na kuli shikulu yes kilisitu,Bemba_NNM_Spk2_U_17a5819536_Utterance_6_575_600.wav,8.495
NNM,M,Spk2,U_17a5819536,575_600,Bemba_NNM_Spk2_U_17a5819536_Utterance_7,ukwendauka kwa kwangufyanya ukupita mu mitengo ulya umukalamba wabashilika ailubwile ukufuma fita fyakwatishe amaka ifye calici lya scotland,Bemba_NNM_Spk2_U_17a5819536_Utterance_7_575_600.wav,15.605
NNM,M,Spk2,U_17a5819536,575_600,Bemba_NNM_Spk2_U_17a5819536_Utterance_8,mukupumikisha pa kuti babweshe umutende na umuyano spring ukushindikwa ne cilye conse amonekeele pa muku wakubalilapo,Bemba_NNM_Spk2_U_17a5819536_Utterance_8_575_600.wav,14.345
NNM,M,Spk2,U_17a5819536,575_600,Bemba_NNM_Spk2_U_17a5819536_Utterance_9,icishiba ca mucele cashingilwe ne cibumba cakucilikila ukubunda umulungu wapwile na nomba,Bemba_NNM_Spk2_U_17a5819536_Utterance_9_575_600.wav,9.26
NNM,M,Spk2,U_17a5819536,575_600,Bemba_NNM_Spk2_U_17a5819536_Utterance_10,nshili nangu panoono umukulu,Bemba_NNM_Spk2_U_17a5819536_Utterance_10_575_600.wav,4.25
NNM,M,Spk2,U_17a5819536,575_600,Bemba_NNM_Spk2_U_17a5819536_Utterance_11,fyonse pali ena fyalifye ciunda ca malangi ayabuuta elyo ayasalangana mu kukantaikwa,Bemba_NNM_Spk2_U_17a5819536_Utterance_11_575_600.wav,9.679
NNM,M,Spk2,U_17a5819536,575_600,Bemba_NNM_Spk2_U_17a5819536_Utterance_12,pa nshita ntali hilda nelyo bartley tabalelanda,Bemba_NNM_Spk2_U_17a5819536_Utterance_12_575_600.wav,7.241
NNM,M,Spk2,U_17a5819536,575_600,Bemba_NNM_Spk2_U_17a5819536_Utterance_13,ncili nalikutemwa rachael ninshininkisha ukuti nkakutemwa lyonse,Bemba_NNM_Spk2_U_17a5819536_Utterance_13_575_600.wav,6.315
NNM,M,Spk2,U_17a5819536,575_600,Bemba_NNM_Spk2_U_17a5819536_Utterance_14,mu cungulo lyonse ndeyebelela ndatontonkanya lelo nshishupa umuntu nangu umo na matontonkanyo yandi,Bemba_NNM_Spk2_U_17a5819536_Utterance_14_575_600.wav,10.617
NNM,M,Spk2,U_17a5819536,575_600,Bemba_NNM_Spk2_U_17a5819536_Utterance_15,tacakabe saana lelo ndi nokutasha ukuti ninsanga icibusa,Bemba_NNM_Spk2_U_17a5819536_Utterance_15_575_600.wav,5.544
NNM,M,Spk2,U_17a5819536,575_600,Bemba_NNM_Spk2_U_17a5819536_Utterance_16,abakashana bacaice baliipangile mu cine abanoono kabili abashilemoneka,Bemba_NNM_Spk2_U_17a5819536_Utterance_16_575_600.wav,7.883
NNM,M,Spk2,U_17a5819536,575_600,Bemba_NNM_Spk2_U_17a5819536_Utterance_17,abantu abengi balalanda saana eico cilepeela ukutuusha ukusanga uushilanda saana,Bemba_NNM_Spk2_U_17a5819536_Utterance_17_575_600.wav,7.338
NNM,M,Spk2,U_17a5819536,575_600,Bemba_NNM_Spk2_U_17a5819536_Utterance_18,nga nali mu muputule uwakaba no bucindami bonse no butuukushi,Bemba_NNM_Spk2_U_17a5819536_Utterance_18_575_600.wav,7.372
NNM,M,Spk2,U_17a5819536,575_600,Bemba_NNM_Spk2_U_17a5819536_Utterance_19,ngo muntu uuli onse mu england efyo ningalanda efyalandile gamewell ne cilumba ico cili mu bushiku bonse,Bemba_NNM_Spk2_U_17a5819536_Utterance_19_575_600.wav,10.638
NNM,M,Spk2,U_17a5819536,575_600,Bemba_NNM_Spk2_U_17a5819536_Utterance_20,tabapalamiine mukushininkisha ukupwisha ubwafya bwabo,Bemba_NNM_Spk2_U_17a5819536_Utterance_20_575_600.wav,4.607
NNM,M,Spk2,U_17a5819536,575_600,Bemba_NNM_Spk2_U_17a5819536_Utterance_21,nshapilibwile ifyo efyalandile kaputeni battleax ukwikata ku malyashi ya calo pa nshita iyaba nge iyi,Bemba_NNM_Spk2_U_17a5819536_Utterance_21_575_600.wav,10.936
NNM,M,Spk2,U_17a5819536,575_600,Bemba_NNM_Spk2_U_17a5819536_Utterance_22,kwali umulandu uusuma uwakuleka kabili ukutontonkanya ku muntu uwashakwatisha uluse pano isonde,Bemba_NNM_Spk2_U_17a5819536_Utterance_22_575_600.wav,9.949
NNM,M,Spk2,U_17a5819536,575_600,Bemba_NNM_Spk2_U_17a5819536_Utterance_23,tacakabemo ubupilibulo bena ukubika imitwe panshi no kulanda iseni pano pa muulu nakabili  mwebatemwikwa,Bemba_NNM_Spk2_U_17a5819536_Utterance_23_575_600.wav,10.882
NNM,M,Spk2,U_17a5819536,575_600,Bemba_NNM_Spk2_U_17a5819536_Utterance_24,imibele yabo iyaibela nalyo line ilelanga imo nshila iyapusanako munshila iyabula ukufilwa,Bemba_NNM_Spk2_U_17a5819536_Utterance_24_575_600.wav,10.295
NNM,M,Spk2,U_17a5819536,575_600,Bemba_NNM_Spk2_U_17a5819536_Utterance_25,lelo kaputeni bill taeseshepo ukucita ico alishibe bwino ukuti cali cafye,Bemba_NNM_Spk2_U_17a5819536_Utterance_25_575_600.wav,9.545
NNM,M,Spk2,U_17a5819536,550_575,Bemba_NNM_Spk2_U_17a5819536_Utterance_1,califita mukubulwa ishuko cicili califita mu lukakaala uku ukufiita kubili ukukusankanya kulepanga icilimi,Bemba_NNM_Spk2_U_17a5819536_Utterance_1_550_575.wav,11.453
NNM,M,Spk2,U_17a5819536,550_575,Bemba_NNM_Spk2_U_17a5819536_Utterance_2,lelo ilyo aleya alelaba elyo amaka yakwibukisha yaleya yalekulilako ilyo abukile,Bemba_NNM_Spk2_U_17a5819536_Utterance_2_550_575.wav,9.584
NNM,M,Spk2,U_17a5819536,550_575,Bemba_NNM_Spk2_U_17a5819536_Utterance_3,ili itontonkanyo nalyo line talyaingile mu mitwe ya aba babili abacincimwike,Bemba_NNM_Spk2_U_17a5819536_Utterance_3_550_575.wav,7.883
NNM,M,Spk2,U_17a5819536,550_575,Bemba_NNM_Spk2_U_17a5819536_Utterance_4,ndefwaya ukulaicitila ne mwine fimo pa lwandi,Bemba_NNM_Spk2_U_17a5819536_Utterance_4_550_575.wav,5.705
NNM,M,Spk2,U_17a5819536,550_575,Bemba_NNM_Spk2_U_17a5819536_Utterance_5,nomba mulandu nshi ushanjebele ilyo wali kuno mulusuba,Bemba_NNM_Spk2_U_17a5819536_Utterance_5_550_575.wav,5.056
NNM,M,Spk2,U_17a5819536,550_575,Bemba_NNM_Spk2_U_17a5819536_Utterance_6,ilyo fye iyi imibele yapangilwe ba shikautu bapilibukiile kuli david no kumweba amashiwi yamakambisho ayakulekaninapo,Bemba_NNM_Spk2_U_17a5819536_Utterance_6_550_575.wav,12.183
NNM,M,Spk2,U_17a5819536,550_575,Bemba_NNM_Spk2_U_17a5819536_Utterance_7,lelo cresswell alundilepo apakalamba amaka yalapusana pa kati ka nkanda,Bemba_NNM_Spk2_U_17a5819536_Utterance_7_550_575.wav,8.51
NNM,M,Spk2,U_17a5819536,550_575,Bemba_NNM_Spk2_U_17a5819536_Utterance_8,tekuti kube ukutwishika alimipokelele mu cikuuku pantu nakuba walibwelele ukwabula uluusa,Bemba_NNM_Spk2_U_17a5819536_Utterance_8_550_575.wav,8.168
NNM,M,Spk2,U_17a5819536,550_575,Bemba_NNM_Spk2_U_17a5819536_Utterance_9,kabili henry kuti abwelela ku england inshitafye iili yonse,Bemba_NNM_Spk2_U_17a5819536_Utterance_9_550_575.wav,5.885
NNM,M,Spk2,U_17a5819536,550_575,Bemba_NNM_Spk2_U_17a5819536_Utterance_10,mulandu nshi ningakwatila indalawa no kutumpa kabili njikale ukwabula ukucita nangu cimo pantufye ndi mwanakashi,Bemba_NNM_Spk2_U_17a5819536_Utterance_10_550_575.wav,9.89
NNM,M,Spk2,U_17a5819536,550_575,Bemba_NNM_Spk2_U_17a5819536_Utterance_11,isenge lisanshamo ukufumyamo imembu umutende na kampingu uwansansa,Bemba_NNM_Spk2_U_17a5819536_Utterance_11_550_575.wav,8.09
NNM,M,Spk2,U_17a5819536,550_575,Bemba_NNM_Spk2_U_17a5819536_Utterance_12,ukupeelako icikope ica uku ukulanshanya nalapeela lipoti imo pali yena mukupwililika,Bemba_NNM_Spk2_U_17a5819536_Utterance_12_550_575.wav,9.363
NNM,M,Spk2,U_17a5819536,550_575,Bemba_NNM_Spk2_U_17a5819536_Utterance_13,pali ici icikakilo caiswike mukupumikisha kabili capulikiile phronsie,Bemba_NNM_Spk2_U_17a5819536_Utterance_13_550_575.wav,7.755
NNM,M,Spk2,U_17a5819536,550_575,Bemba_NNM_Spk2_U_17a5819536_Utterance_14,icena cileta ukupwilila ica naitulogini  cisula umwela no kwingila mu mukoshi caisula muli bapwapwa,Bemba_NNM_Spk2_U_17a5819536_Utterance_14_550_575.wav,10.573
NNM,M,Spk2,U_17a5819536,550_575,Bemba_NNM_Spk2_U_17a5819536_Utterance_15,intungulushi yaiminine shilili lyena yasunkanya amaboko yaletelwe pamo elyo yakonkanyapo,Bemba_NNM_Spk2_U_17a5819536_Utterance_15_550_575.wav,10.225
NNM,M,Spk2,U_17a5819536,550_575,Bemba_NNM_Spk2_U_17a5819536_Utterance_16,ici ukwabula ukushininkisha mu bukali bwa mutima kabili catwalilila,Bemba_NNM_Spk2_U_17a5819536_Utterance_16_550_575.wav,7.071
NNM,M,Spk2,U_17a5819536,550_575,Bemba_NNM_Spk2_U_17a5819536_Utterance_17,alishibe icifimbo ca siufele icakwe na cakwa zora filingile ukonaulwa,Bemba_NNM_Spk2_U_17a5819536_Utterance_17_550_575.wav,8.945
NNM,M,Spk2,U_17a5819536,550_575,Bemba_NNM_Spk2_U_17a5819536_Utterance_18,kwena nomba ennis ndelandikisha ukuti naukwata umutwe kabili naukwata akamuti kandi,Bemba_NNM_Spk2_U_17a5819536_Utterance_18_550_575.wav,8.78
NNM,M,Spk2,U_17a5819536,550_575,Bemba_NNM_Spk2_U_17a5819536_Utterance_19,kuceshuko efyalandile ba shikulu ba vanderpool northerners na ba southerners abalefika pa kusuminishanya mu milandu iingi iyi,Bemba_NNM_Spk2_U_17a5819536_Utterance_19_550_575.wav,11.505
NNM,M,Spk2,U_17a5819536,550_575,Bemba_NNM_Spk2_U_17a5819536_Utterance_20,nga lyonse tapali ifyacitilwe mu nshila ya kukandwa,Bemba_NNM_Spk2_U_17a5819536_Utterance_20_550_575.wav,4.895
NNM,M,Spk2,U_17a5819536,550_575,Bemba_NNM_Spk2_U_17a5819536_Utterance_21,rodolfo afikile pa ng'anda yakwe ukwabula ukupumfyanishiwa kabili abafyashi bakwa leocadia bafikile ne mitima iyatobeka kabili iyapelelwa,Bemba_NNM_Spk2_U_17a5819536_Utterance_21_550_575.wav,12.283
NNM,M,Spk2,U_17a5819536,550_575,Bemba_NNM_Spk2_U_17a5819536_Utterance_22,lelo tabapilibwile ukuti muti wa mufili,Bemba_NNM_Spk2_U_17a5819536_Utterance_22_550_575.wav,4.343
NNM,M,Spk2,U_17a5819536,550_575,Bemba_NNM_Spk2_U_17a5819536_Utterance_23,pantanshi yabo pafulumwike uwaleshinguluka  pamo na baana bakwe batatu mu mwenso,Bemba_NNM_Spk2_U_17a5819536_Utterance_23_550_575.wav,8.276
NNM,M,Spk2,U_17a5819536,550_575,Bemba_NNM_Spk2_U_17a5819536_Utterance_24,nalyo line uyo uwalanda ati ulubuto talanda ati icimwemwe,Bemba_NNM_Spk2_U_17a5819536_Utterance_24_550_575.wav,6.502
NNM,M,Spk2,U_17a5819536,550_575,Bemba_NNM_Spk2_U_17a5819536_Utterance_25,fyonsefye shikulu chelford efyalandile ba mama ba brandon balicipokelele na icimwemwe kabili na ukumwentula kwa pakashita,Bemba_NNM_Spk2_U_17a5819536_Utterance_25_550_575.wav,11.268
NNM,M,Spk8,U_0838757bd7,875_900,Bemba_NNM_Spk8_U_0838757bd7_Utterance_1,batile ku bena galatia tamukwete insambu ishakutontonkanya ukuti paulo alicindama,Bemba_NNM_Spk8_U_0838757bd7_Utterance_1_875_900.wav,7.385
NNM,M,Spk8,U_0838757bd7,875_900,Bemba_NNM_Spk8_U_0838757bd7_Utterance_2,takuli iciswike kanofye cimo efyalandile pane uwaletutungulula uwasambilila,Bemba_NNM_Spk8_U_0838757bd7_Utterance_2_875_900.wav,7.181
NNM,M,Spk8,U_0838757bd7,875_900,Bemba_NNM_Spk8_U_0838757bd7_Utterance_3,akabemba kakulu kakonkelemo ulubilo ukubwesha inama panshi,Bemba_NNM_Spk8_U_0838757bd7_Utterance_3_875_900.wav,4.465
NNM,M,Spk8,U_0838757bd7,875_900,Bemba_NNM_Spk8_U_0838757bd7_Utterance_4,umuntu umo ashimike ilyashi temukufikapo kwine kwine iyo ilyo namwene ukuti talelikonka,Bemba_NNM_Spk8_U_0838757bd7_Utterance_4_875_900.wav,7.479
NNM,M,Spk8,U_0838757bd7,875_900,Bemba_NNM_Spk8_U_0838757bd7_Utterance_5,caliwemepo kuli ena ukutontonkanya ukuti umukashana takwete inkuntu ukucila ukwishiba icishinka,Bemba_NNM_Spk8_U_0838757bd7_Utterance_5_875_900.wav,8.18
NNM,M,Spk8,U_0838757bd7,875_900,Bemba_NNM_Spk8_U_0838757bd7_Utterance_6,yangu shikulu efyalandile missus poyser ninshi natinishiwa tekuti ucitemwe nangu panoono,Bemba_NNM_Spk8_U_0838757bd7_Utterance_6_875_900.wav,9.263
NNM,M,Spk8,U_0838757bd7,875_900,Bemba_NNM_Spk8_U_0838757bd7_Utterance_7,nomba abikile ukuboko kwakwe pa kuboko kwakwe kabili amwentula no kutila,Bemba_NNM_Spk8_U_0838757bd7_Utterance_7_875_900.wav,6.406
NNM,M,Spk8,U_0838757bd7,875_900,Bemba_NNM_Spk8_U_0838757bd7_Utterance_8,chingachgook alikete imimonekele kabili ukubomfya ifishibisho fya kumaboko amwishibishe ukuti alande,Bemba_NNM_Spk8_U_0838757bd7_Utterance_8_875_900.wav,9.305
NNM,M,Spk8,U_0838757bd7,875_900,Bemba_NNM_Spk8_U_0838757bd7_Utterance_9,kulya kulya efyo alandile mukunashanasha alepampansha pa mutwe wa kwa brown fuzzy,Bemba_NNM_Spk8_U_0838757bd7_Utterance_9_875_900.wav,9.225
NNM,M,Spk8,U_0838757bd7,875_900,Bemba_NNM_Spk8_U_0838757bd7_Utterance_10,afyontweke ngo mufwi ukupita mu fubumba fyonse imitanto yonse iya ng'anda kabili ukupita mu mumusolo,Bemba_NNM_Spk8_U_0838757bd7_Utterance_10_875_900.wav,9.77
NNM,M,Spk8,U_0838757bd7,875_900,Bemba_NNM_Spk8_U_0838757bd7_Utterance_11,alefwaya ukwambila pa muulu wa mutanto,Bemba_NNM_Spk8_U_0838757bd7_Utterance_11_875_900.wav,3.53
NNM,M,Spk8,U_0838757bd7,875_900,Bemba_NNM_Spk8_U_0838757bd7_Utterance_12,humpy dumpy aliponene pa mitanto ya ng'anda lelo aupile namfumu,Bemba_NNM_Spk8_U_0838757bd7_Utterance_12_875_900.wav,7.595
NNM,M,Spk8,U_0838757bd7,875_900,Bemba_NNM_Spk8_U_0838757bd7_Utterance_13,ngefyo alaile ukucingilila ing'anda ya beni abekashi ba musumba abaebekishiwe ku mashiwi yakwe batendeke ukuiseka pafyo batinine,Bemba_NNM_Spk8_U_0838757bd7_Utterance_13_875_900.wav,11.362
NNM,M,Spk8,U_0838757bd7,875_900,Bemba_NNM_Spk8_U_0838757bd7_Utterance_14,ulubansa lwa kotoni ulwakwete impela shatwa lwali mupepi no kupulika,Bemba_NNM_Spk8_U_0838757bd7_Utterance_14_875_900.wav,7.82
NNM,M,Spk8,U_0838757bd7,875_900,Bemba_NNM_Spk8_U_0838757bd7_Utterance_15,ruth aikeele ukwabula ukusela pa nshita ntali  ne cinso cakwe cili icashininkisha kabili acifumishe califumine nomba,Bemba_NNM_Spk8_U_0838757bd7_Utterance_15_875_900.wav,12.995
NNM,M,Spk8,U_0838757bd7,875_900,Bemba_NNM_Spk8_U_0838757bd7_Utterance_16,bushe waishile lisa bartley kabili cacitike shani taulandilepo ishiwi nangu limo,Bemba_NNM_Spk8_U_0838757bd7_Utterance_16_875_900.wav,7.684
NNM,M,Spk8,U_0838757bd7,875_900,Bemba_NNM_Spk8_U_0838757bd7_Utterance_17,nshalemona kalume wandi naicena kanabesa pa kubomba imilimo yakwe nga umo pa baana ba kwa cumberland,Bemba_NNM_Spk8_U_0838757bd7_Utterance_17_875_900.wav,11.39
NNM,M,Spk8,U_0838757bd7,875_900,Bemba_NNM_Spk8_U_0838757bd7_Utterance_18,nga ndeyumfwa muli iyo nshila ndeyumfwa muli iyo nshila,Bemba_NNM_Spk8_U_0838757bd7_Utterance_18_875_900.wav,6.05
NNM,M,Spk8,U_0838757bd7,875_900,Bemba_NNM_Spk8_U_0838757bd7_Utterance_19,mwe fibusa efyalandile montfichet mwishiwi ilinoono ku baleshombokana tushindikeni ukutufisha pa ng'anda ya mukalamba ya bakapokola,Bemba_NNM_Spk8_U_0838757bd7_Utterance_19_875_900.wav,14.87
NNM,M,Spk8,U_0838757bd7,875_900,Bemba_NNM_Spk8_U_0838757bd7_Utterance_20,lelo nshaishibe ukuti walanjebafye pali nomba,Bemba_NNM_Spk8_U_0838757bd7_Utterance_20_875_900.wav,4.58
NNM,M,Spk8,U_0838757bd7,875_900,Bemba_NNM_Spk8_U_0838757bd7_Utterance_21,bracton muntu umusuma saana ndeshininkisha kuli iwe,Bemba_NNM_Spk8_U_0838757bd7_Utterance_21_875_900.wav,6.11
NNM,M,Spk8,U_0838757bd7,875_900,Bemba_NNM_Spk8_U_0838757bd7_Utterance_22,ndabomba ukufika mu makufi ilyo panshi mukutoola ukwa maceli,Bemba_NNM_Spk8_U_0838757bd7_Utterance_22_875_900.wav,8.24
NNM,M,Spk8,U_0838757bd7,875_900,Bemba_NNM_Spk8_U_0838757bd7_Utterance_23,bambi balipatile ukusesha ubushiku fyali no kucitikilapo lelo kwalifye kutwishika kwakwe ekwancebwishe,Bemba_NNM_Spk8_U_0838757bd7_Utterance_23_875_900.wav,8.345
NNM,M,Spk8,U_0838757bd7,875_900,Bemba_NNM_Spk8_U_0838757bd7_Utterance_24,kabili bushe tekuti cibe icabupe icisuma ku mwana wesu,Bemba_NNM_Spk8_U_0838757bd7_Utterance_24_875_900.wav,5.405
NNM,M,Spk8,U_0838757bd7,875_900,Bemba_NNM_Spk8_U_0838757bd7_Utterance_25,pa numa ya ifyo calyangwike ukulaba ukulaba,Bemba_NNM_Spk8_U_0838757bd7_Utterance_25_875_900.wav,5.27
NNM,M,Spk8,U_0838757bd7,850_875,Bemba_NNM_Spk8_U_0838757bd7_Utterance_1,robin aikile mukutekanya pa mutanto kabili aisangile mukwangufyanya pa mushili uwakosa uwa mabwe,Bemba_NNM_Spk8_U_0838757bd7_Utterance_1_850_875.wav,11.315
NNM,M,Spk8,U_0838757bd7,850_875,Bemba_NNM_Spk8_U_0838757bd7_Utterance_2,lelo ukupeelwa iyo mibeele ndetwishika nga cakuti iyo imitantikile kuti yapangwa,Bemba_NNM_Spk8_U_0838757bd7_Utterance_2_850_875.wav,6.269
NNM,M,Spk8,U_0838757bd7,850_875,Bemba_NNM_Spk8_U_0838757bd7_Utterance_3,owe lyonse asangwa pa cilimba efyalandile van alingile ukuba kumo pali nomba elyo umo aisaseka,Bemba_NNM_Spk8_U_0838757bd7_Utterance_3_850_875.wav,11.735
NNM,M,Spk8,U_0838757bd7,850_875,Bemba_NNM_Spk8_U_0838757bd7_Utterance_4,ba mama ba taylor tabaishibe saana pali kotoni lelo ukulandapo amashiwi yamo kwalekabilwa,Bemba_NNM_Spk8_U_0838757bd7_Utterance_4_850_875.wav,8.315
NNM,M,Spk8,U_0838757bd7,850_875,Bemba_NNM_Spk8_U_0838757bd7_Utterance_5,mukushukila nshabala amona ifilyo fya nama shobe mfwile ukumona ifilyo fya nama shobe bana muka poyser,Bemba_NNM_Spk8_U_0838757bd7_Utterance_5_850_875.wav,11.9
NNM,M,Spk8,U_0838757bd7,850_875,Bemba_NNM_Spk8_U_0838757bd7_Utterance_6,umulumendo ali mu cifungo kabili ndetina ukuti imfwa yakwe naibilishiwa,Bemba_NNM_Spk8_U_0838757bd7_Utterance_6_850_875.wav,7.732
NNM,M,Spk8,U_0838757bd7,850_875,Bemba_NNM_Spk8_U_0838757bd7_Utterance_7,inshita naloleshe pe tebulo lyandi nalishibe ukuti umuntu umo alifwimfwintile amapepala yandi,Bemba_NNM_Spk8_U_0838757bd7_Utterance_7_850_875.wav,11.735
NNM,M,Spk8,U_0838757bd7,850_875,Bemba_NNM_Spk8_U_0838757bd7_Utterance_8,ukumoneka kwa kwa rachael ukwabutulukila kabili ukwatwa kabili na menso yakwe ayatumbuka fyalimupapwishe  pamo no bukali bwa kupapa,Bemba_NNM_Spk8_U_0838757bd7_Utterance_8_850_875.wav,11.796
NNM,M,Spk8,U_0838757bd7,850_875,Bemba_NNM_Spk8_U_0838757bd7_Utterance_9,ndeshininkisha ukuti nalishiba ukusala ifintu ifisuma muli iyo inshila ifyo fyonse fyaciine nawishiba ifyo ifibekobeko fya mabwe,Bemba_NNM_Spk8_U_0838757bd7_Utterance_9_850_875.wav,9.659
NNM,M,Spk8,U_0838757bd7,850_875,Bemba_NNM_Spk8_U_0838757bd7_Utterance_10,ifi fishinka filemoneka fileyamba ukulondolola amaka ya mfifi na fimbi ifyakwelenganya ifya calo cimbi ukwa kucimfyanya kwa makana amakumi yabili ukwa pa fimana,Bemba_NNM_Spk8_U_0838757bd7_Utterance_10_850_875.wav,15.875
NNM,M,Spk8,U_0838757bd7,850_875,Bemba_NNM_Spk8_U_0838757bd7_Utterance_11,lyena asekele panoono elyo ayasuka iyo ba mama beth nine elizabeth parsons,Bemba_NNM_Spk8_U_0838757bd7_Utterance_11_850_875.wav,9.961
NNM,M,Spk8,U_0838757bd7,850_875,Bemba_NNM_Spk8_U_0838757bd7_Utterance_12,ukusenda pa kati ka kanwa kabili ukumona kwayanguka ukwa mapindo yakwe fyalifililwe ukulondololwa kabili fyalipatilwe,Bemba_NNM_Spk8_U_0838757bd7_Utterance_12_850_875.wav,12.2
NNM,M,Spk8,U_0838757bd7,850_875,Bemba_NNM_Spk8_U_0838757bd7_Utterance_13,munny inshimbi yandi iya twite told napapata ibike panshi pakuti ikabe,Bemba_NNM_Spk8_U_0838757bd7_Utterance_13_850_875.wav,8.805
NNM,M,Spk8,U_0838757bd7,850_875,Bemba_NNM_Spk8_U_0838757bd7_Utterance_14,nshilepwa ilyo nalanda ukuti mu nshita iyi tacali icishaseeka,Bemba_NNM_Spk8_U_0838757bd7_Utterance_14_850_875.wav,7.454
NNM,M,Spk8,U_0838757bd7,850_875,Bemba_NNM_Spk8_U_0838757bd7_Utterance_15,limo lilo bacita ukuti icakufimbana capena pantu ifisalu na malangi fyalisankana,Bemba_NNM_Spk8_U_0838757bd7_Utterance_15_850_875.wav,9.453
NNM,M,Spk8,U_0838757bd7,850_875,Bemba_NNM_Spk8_U_0838757bd7_Utterance_16,senda nkandetele icakukabushanya naco  iya kwa louis ninkwata iyi shikulu,Bemba_NNM_Spk8_U_0838757bd7_Utterance_16_850_875.wav,10.263
NNM,M,Spk8,U_0838757bd7,850_875,Bemba_NNM_Spk8_U_0838757bd7_Utterance_17,alimbomfeshe saana alefwaya alenguma inshita yonse,Bemba_NNM_Spk8_U_0838757bd7_Utterance_17_850_875.wav,5.758
NNM,M,Spk8,U_0838757bd7,850_875,Bemba_NNM_Spk8_U_0838757bd7_Utterance_18,uko konse icikuuku cingasangwa uko ekwaba icalici lya mushilo nangu cakuti mukana kilisitu alateeka kulya,Bemba_NNM_Spk8_U_0838757bd7_Utterance_18_850_875.wav,12.028
NNM,M,Spk8,U_0838757bd7,850_875,Bemba_NNM_Spk8_U_0838757bd7_Utterance_19,ciine ciine alipakeese icalici lya kwa kilisitu pa nshita iitali,Bemba_NNM_Spk8_U_0838757bd7_Utterance_19_850_875.wav,6.375
NNM,M,Spk8,U_0838757bd7,850_875,Bemba_NNM_Spk8_U_0838757bd7_Utterance_20,ilyo atendekefye ukubomba aletungulula abashilika abaipatwile ukupitila mukuikosha,Bemba_NNM_Spk8_U_0838757bd7_Utterance_20_850_875.wav,10.01
NNM,M,Spk8,U_0838757bd7,850_875,Bemba_NNM_Spk8_U_0838757bd7_Utterance_21,ndefwaya ukufumako kuli cena umupwilapo panoono panoono,Bemba_NNM_Spk8_U_0838757bd7_Utterance_21_850_875.wav,5.873
NNM,M,Spk8,U_0838757bd7,850_875,Bemba_NNM_Spk8_U_0838757bd7_Utterance_22,bushe ifikuulwa fyalepesha ifya musumba  te kuti fimoneke apatali,Bemba_NNM_Spk8_U_0838757bd7_Utterance_22_850_875.wav,5.478
NNM,M,Spk8,U_0838757bd7,850_875,Bemba_NNM_Spk8_U_0838757bd7_Utterance_23,efyalandile ba kaputeni donnithorne nabaikalika apo bengamona umucokololo uwapita ukulola umwinshi wako basungila ifilyo fifuma ku nama,Bemba_NNM_Spk8_U_0838757bd7_Utterance_23_850_875.wav,11.749
NNM,M,Spk8,U_0838757bd7,850_875,Bemba_NNM_Spk8_U_0838757bd7_Utterance_24,tutontonkanya ukuti mukubombako panoono nelyo mukubombeshako kuti twatalusha ulubembu,Bemba_NNM_Spk8_U_0838757bd7_Utterance_24_850_875.wav,7.865
NNM,M,Spk8,U_0838757bd7,850_875,Bemba_NNM_Spk8_U_0838757bd7_Utterance_25,kwena ndeya nga kapanga wa fintu kuti ifyo fiine na iwe,Bemba_NNM_Spk8_U_0838757bd7_Utterance_25_850_875.wav,6.29
NNM,M,Spk1,U_0c7940182f,525_550,Bemba_NNM_Spk1_U_0c7940182f_Utterance_1,tatwamulandepo nakabili nga kuti wacita ifyo lelo te ifwe iyo,Bemba_NNM_Spk1_U_0c7940182f_Utterance_1_525_550.wav,5.259
NNM,M,Spk1,U_0c7940182f,525_550,Bemba_NNM_Spk1_U_0c7940182f_Utterance_2,inshila shobe shilanjesha ruth ukubikako ne myumfwanine,Bemba_NNM_Spk1_U_0c7940182f_Utterance_2_525_550.wav,4.833
NNM,M,Spk1,U_0c7940182f,525_550,Bemba_NNM_Spk1_U_0c7940182f_Utterance_3,twafuma ku ncende iya kutalalilwa ukucila iyi incende iyatalalilwa ukucilapo,Bemba_NNM_Spk1_U_0c7940182f_Utterance_3_525_550.wav,6.223
NNM,M,Spk1,U_0c7940182f,525_550,Bemba_NNM_Spk1_U_0c7940182f_Utterance_4,ukwabula icitabo cakwe icakulengelamo bakemiko na ukulamba kwa ng'anda yakwe ali mwaume uushaleyumfwa bwino,Bemba_NNM_Spk1_U_0c7940182f_Utterance_4_525_550.wav,10.105
NNM,M,Spk1,U_0c7940182f,525_550,Bemba_NNM_Spk1_U_0c7940182f_Utterance_5,munny ine tould ike ukucitamo de barn kuli tommy ukumona de whittawd,Bemba_NNM_Spk1_U_0c7940182f_Utterance_5_525_550.wav,6.709
NNM,M,Spk1,U_0c7940182f,525_550,Bemba_NNM_Spk1_U_0c7940182f_Utterance_6,alipeela icikope icisuma kuli ine icakuba umwaume uwacishinka,Bemba_NNM_Spk1_U_0c7940182f_Utterance_6_525_550.wav,6.176
NNM,M,Spk1,U_0c7940182f,525_550,Bemba_NNM_Spk1_U_0c7940182f_Utterance_7,eico nomba ubwishibilo bwa fya kunuma bwalaishibikilwa ukufuma mu kumfwa ukwakubelesha kweka,Bemba_NNM_Spk1_U_0c7940182f_Utterance_7_525_550.wav,9.694
NNM,M,Spk1,U_0c7940182f,525_550,Bemba_NNM_Spk1_U_0c7940182f_Utterance_8,pearl afyelwe uo bakaana mu calo ca kubwaice,Bemba_NNM_Spk1_U_0c7940182f_Utterance_8_525_550.wav,5.15
NNM,M,Spk1,U_0c7940182f,525_550,Bemba_NNM_Spk1_U_0c7940182f_Utterance_9,jack akaba umulume wansansa uwa kwa eva kabili akashala pa kati ka milimo ya calo cafwaisha,Bemba_NNM_Spk1_U_0c7940182f_Utterance_9_525_550.wav,9.134
NNM,M,Spk1,U_0c7940182f,525_550,Bemba_NNM_Spk1_U_0c7940182f_Utterance_10,ninshi mukwai shikulu efyo nalandile kuli ena ndi ne shuko saana ukumimona,Bemba_NNM_Spk1_U_0c7940182f_Utterance_10_525_550.wav,6.734
NNM,M,Spk1,U_0c7940182f,525_550,Bemba_NNM_Spk1_U_0c7940182f_Utterance_11,aikele panshi napeshiwa amaano kabili itontonkanyo limo elyapulilemo zora,Bemba_NNM_Spk1_U_0c7940182f_Utterance_11_525_550.wav,7.477
NNM,M,Spk1,U_0c7940182f,525_550,Bemba_NNM_Spk1_U_0c7940182f_Utterance_12,amatebulo yalisalanganishiwe pa fyani kabili ifyakulya ifyawamisha ifyafulilako fyalipekanishiwe,Bemba_NNM_Spk1_U_0c7940182f_Utterance_12_525_550.wav,8.371
NNM,M,Spk1,U_0c7940182f,525_550,Bemba_NNM_Spk1_U_0c7940182f_Utterance_13,icakufimba pa busanshi icapangwa na insalu shamisangomisango na malangi yalekanalekana fyose ifyabilwa ubusaka pamo,Bemba_NNM_Spk1_U_0c7940182f_Utterance_13_525_550.wav,11.703
NNM,M,Spk1,U_0c7940182f,525_550,Bemba_NNM_Spk1_U_0c7940182f_Utterance_14,nintalimpa nomba kabili imisambo yandi naisanda kwati ni ilya iyaputwilwe umwaka wapwile,Bemba_NNM_Spk1_U_0c7940182f_Utterance_14_525_550.wav,8.941
NNM,M,Spk1,U_0c7940182f,525_550,Bemba_NNM_Spk1_U_0c7940182f_Utterance_15,lelo philip wacishinka kabili alikwata icabupe saana nga cakuti kuti aleka ukushilashila ukupanga inshila yakwe,Bemba_NNM_Spk1_U_0c7940182f_Utterance_15_525_550.wav,10.379
NNM,M,Spk1,U_0c7940182f,525_550,Bemba_NNM_Spk1_U_0c7940182f_Utterance_16,aiminine shilili ukwabula ukukonkelela ifyo balemupundilila kabili alekunta ukutumfya kwabo na mashiwi ayanakilila,Bemba_NNM_Spk1_U_0c7940182f_Utterance_16_525_550.wav,12.768
NNM,M,Spk1,U_0c7940182f,525_550,Bemba_NNM_Spk1_U_0c7940182f_Utterance_17,kuti camonwa ukuti isabi ilikulu ifi lyali fyakulya fyalinga,Bemba_NNM_Spk1_U_0c7940182f_Utterance_17_525_550.wav,6.453
NNM,M,Spk1,U_0c7940182f,525_550,Bemba_NNM_Spk1_U_0c7940182f_Utterance_18,impepo ukushupikwa kwa mutima ukwisako pa kuponena mu citemwiko no mwanakashi wa makalashi,Bemba_NNM_Spk1_U_0c7940182f_Utterance_18_525_550.wav,8.697
NNM,M,Spk1,U_0c7940182f,525_550,Bemba_NNM_Spk1_U_0c7940182f_Utterance_19,eico salapo we mwine ukubilima nelyo ukutantama apa,Bemba_NNM_Spk1_U_0c7940182f_Utterance_19_525_550.wav,5.855
NNM,M,Spk1,U_0c7940182f,525_550,Bemba_NNM_Spk1_U_0c7940182f_Utterance_20,kabili ashintile ku cibumba naluba mu matontonkanyo,Bemba_NNM_Spk1_U_0c7940182f_Utterance_20_525_550.wav,5.596
NNM,M,Spk1,U_0c7940182f,525_550,Bemba_NNM_Spk1_U_0c7940182f_Utterance_21,lelo nalicitapo icintu cimo ciine imiku ne miku imiku iingi,Bemba_NNM_Spk1_U_0c7940182f_Utterance_21_525_550.wav,6.425
NNM,M,Spk1,U_0c7940182f,525_550,Bemba_NNM_Spk1_U_0c7940182f_Utterance_22,ee lelo ubo e busumafye bwa citemwiko cakwe,Bemba_NNM_Spk1_U_0c7940182f_Utterance_22_525_550.wav,5.457
NNM,M,Spk1,U_0c7940182f,525_550,Bemba_NNM_Spk1_U_0c7940182f_Utterance_23,icakubalilapo icafyebo fyesu ifishileumfwika bwino bwino ca kuti muli ubwishibilo bwa fyacitike akale,Bemba_NNM_Spk1_U_0c7940182f_Utterance_23_525_550.wav,9.963
NNM,M,Spk1,U_0c7940182f,525_550,Bemba_NNM_Spk1_U_0c7940182f_Utterance_24,bushe ichthyosaurus nabwelela mu lucengo lwakwe ulwa mu menshi,Bemba_NNM_Spk1_U_0c7940182f_Utterance_24_525_550.wav,6.29
NNM,M,Spk1,U_0c7940182f,500_525,Bemba_NNM_Spk1_U_0c7940182f_Utterance_1,umukalamba wa cinfundawila uwaku nottingham nafunga ikofi no kutinya montfichet,Bemba_NNM_Spk1_U_0c7940182f_Utterance_1_500_525.wav,5.961
NNM,M,Spk1,U_0c7940182f,500_525,Bemba_NNM_Spk1_U_0c7940182f_Utterance_2,ilyo ubwato bwatendeke ukwelela pa muulu wa menshi napangile ulu ulwimbo no kulwimba,Bemba_NNM_Spk1_U_0c7940182f_Utterance_2_500_525.wav,5.213
NNM,M,Spk1,U_0c7940182f,500_525,Bemba_NNM_Spk1_U_0c7940182f_Utterance_3,nshikwete nangu fimo ifyakufwala efyayaswike ulya muntu waicindika,Bemba_NNM_Spk1_U_0c7940182f_Utterance_3_500_525.wav,5.213
NNM,M,Spk1,U_0c7940182f,500_525,Bemba_NNM_Spk1_U_0c7940182f_Utterance_4,servadac ashikiile ukuti dobryna alebombesha ukubikamo,Bemba_NNM_Spk1_U_0c7940182f_Utterance_4_500_525.wav,4.222
NNM,M,Spk1,U_0c7940182f,500_525,Bemba_NNM_Spk1_U_0c7940182f_Utterance_5,ififumamo mu mukubomfya saana no kukanabomfya bwino ukwa filundwa,Bemba_NNM_Spk1_U_0c7940182f_Utterance_5_500_525.wav,5.166
NNM,M,Spk1,U_0c7940182f,500_525,Bemba_NNM_Spk1_U_0c7940182f_Utterance_6,kabili lesa shifwe uwamubushishe ku bafwa,Bemba_NNM_Spk1_U_0c7940182f_Utterance_6_500_525.wav,3.481
NNM,M,Spk1,U_0c7940182f,500_525,Bemba_NNM_Spk1_U_0c7940182f_Utterance_7,eico nabwela uwakalipilwa pafyebo fyandi kabili uwanonkelamo bubu bubi imiku itatu ukucila ifyo naposele,Bemba_NNM_Spk1_U_0c7940182f_Utterance_7_500_525.wav,9.63
NNM,M,Spk1,U_0c7940182f,500_525,Bemba_NNM_Spk1_U_0c7940182f_Utterance_8,ngashakwipwishe nga cakuti molly ali kuno ndeibukisha tawatemwa imipikile ya cisungu,Bemba_NNM_Spk1_U_0c7940182f_Utterance_8_500_525.wav,6.795
NNM,M,Spk1,U_0c7940182f,500_525,Bemba_NNM_Spk1_U_0c7940182f_Utterance_9,amabumba yabili ayasankene ukufuma ku fyalo fyonse fibili yalisishe inyimbo kabili icakulya ca cungulo icisuma calipikwe,Bemba_NNM_Spk1_U_0c7940182f_Utterance_9_500_525.wav,11.332
NNM,M,Spk1,U_0c7940182f,500_525,Bemba_NNM_Spk1_U_0c7940182f_Utterance_10,iyo e nshila kuli iwe uyu e musebo uo nonse mwingatemwa ukuya mu lubilo mu konaulwa,Bemba_NNM_Spk1_U_0c7940182f_Utterance_10_500_525.wav,8.277
NNM,M,Spk1,U_0c7940182f,500_525,Bemba_NNM_Spk1_U_0c7940182f_Utterance_11,ali acili alecula ku kupumikisha kwakupumfyanishiwa kwa mutalalila ukwa bumi bwakwe,Bemba_NNM_Spk1_U_0c7940182f_Utterance_11_500_525.wav,8.588
NNM,M,Spk1,U_0c7940182f,500_525,Bemba_NNM_Spk1_U_0c7940182f_Utterance_12,yapangwa saana saana no kusankana kwa cikope capangwa pali yena ica ku bwaice,Bemba_NNM_Spk1_U_0c7940182f_Utterance_12_500_525.wav,7.918
NNM,M,Spk1,U_0c7940182f,500_525,Bemba_NNM_Spk1_U_0c7940182f_Utterance_13,naciilanga ukuti umuntu nomba alinakila saana ku kwalukaluka,Bemba_NNM_Spk1_U_0c7940182f_Utterance_13_500_525.wav,5.911
NNM,M,Spk1,U_0c7940182f,500_525,Bemba_NNM_Spk1_U_0c7940182f_Utterance_14,ni milikalamu napamo 128 000 iya kufina kwacepesha,Bemba_NNM_Spk1_U_0c7940182f_Utterance_14_500_525.wav,6.26
NNM,M,Spk1,U_0c7940182f,500_525,Bemba_NNM_Spk1_U_0c7940182f_Utterance_15,lelo uyu umulandu ukalandwapo bwino ilyo tukasenda abantu abankanda yapusanapusana,Bemba_NNM_Spk1_U_0c7940182f_Utterance_15_500_525.wav,7.988
NNM,M,Spk1,U_0c7940182f,500_525,Bemba_NNM_Spk1_U_0c7940182f_Utterance_16,eliza aisele iciibi kunuma yakwe mukucipamikisha kwashininkishiwa kabili ulufungulo lwalilile mukati kakukomenako,Bemba_NNM_Spk1_U_0c7940182f_Utterance_16_500_525.wav,11.204
NNM,M,Spk1,U_0c7940182f,500_525,Bemba_NNM_Spk1_U_0c7940182f_Utterance_17,natwikushiwa  kwena nomba kaputeni battleax efyo alandile  mukashi wandi,Bemba_NNM_Spk1_U_0c7940182f_Utterance_17_500_525.wav,6.594
NNM,M,Spk1,U_0c7940182f,500_525,Bemba_NNM_Spk1_U_0c7940182f_Utterance_18,nalalenga utwale aya mashiwi mu cifulenchi kabili taufwile ukutiina ukuti nalakusanga uwacilaka,Bemba_NNM_Spk1_U_0c7940182f_Utterance_18_500_525.wav,10.623
NNM,M,Spk1,U_0c7940182f,500_525,Bemba_NNM_Spk1_U_0c7940182f_Utterance_19,kabili wabwelele ukwabula ukusakamana saana lelo taceletele ubupusano saana,Bemba_NNM_Spk1_U_0c7940182f_Utterance_19_500_525.wav,6.594
NNM,M,Spk1,U_0c7940182f,500_525,Bemba_NNM_Spk1_U_0c7940182f_Utterance_20,bushe ici icalo mukushininkisha muputule uuletulila mu cifulo cimbi takwaba abashuka,Bemba_NNM_Spk1_U_0c7940182f_Utterance_20_500_525.wav,9.226
NNM,M,Spk1,U_0c7940182f,500_525,Bemba_NNM_Spk1_U_0c7940182f_Utterance_21,awe natotela nintemwa ukukupeela insansa ukwabula ukushupikwa,Bemba_NNM_Spk1_U_0c7940182f_Utterance_21_500_525.wav,7.303
NNM,M,Spk1,U_0c7940182f,500_525,Bemba_NNM_Spk1_U_0c7940182f_Utterance_22,efyo wingatemwa ukulacita te ifyo,Bemba_NNM_Spk1_U_0c7940182f_Utterance_22_500_525.wav,3.711
NNM,M,Spk1,U_0c7940182f,500_525,Bemba_NNM_Spk1_U_0c7940182f_Utterance_23,umwanakashi uushaibikwa na umuseela wakwe uwacitemwiko uwalilile mu kutwa fyabatinishe bonse babili,Bemba_NNM_Spk1_U_0c7940182f_Utterance_23_500_525.wav,10.925
NNM,M,Spk1,U_0c7940182f,500_525,Bemba_NNM_Spk1_U_0c7940182f_Utterance_24,ninaka saana ukuba nekafye pano,Bemba_NNM_Spk1_U_0c7940182f_Utterance_24_500_525.wav,3.413
NNM,M,Spk1,U_0c7940182f,500_525,Bemba_NNM_Spk1_U_0c7940182f_Utterance_25,saana saana ukufuma ku mutwe wa kwa kalata wa mutumwa nomba pakonka ukuposha ukufuma ku mutumwa mu cikomo cabutatu,Bemba_NNM_Spk1_U_0c7940182f_Utterance_25_500_525.wav,9.868
NNM,M,Spk7,U_68dea3b9c6,800_825,Bemba_NNM_Spk7_U_68dea3b9c6_Utterance_1,pa kunwa tii bali ababulanda kabili tabalelanda kabili ifyakulya fyaile ukwabula ukuti bena bafikatepo,Bemba_NNM_Spk7_U_68dea3b9c6_Utterance_1_800_825.wav,4.237
NNM,M,Spk7,U_68dea3b9c6,800_825,Bemba_NNM_Spk7_U_68dea3b9c6_Utterance_2,kabili aba bakakonka abasha bobe munshila imo iine,Bemba_NNM_Spk7_U_68dea3b9c6_Utterance_2_800_825.wav,7.019
NNM,M,Spk7,U_68dea3b9c6,800_825,Bemba_NNM_Spk7_U_68dea3b9c6_Utterance_3,lelo muli iyo nshila ukusala kwa ba mama bana milner ukwa balume takwakatume ukwandi,Bemba_NNM_Spk7_U_68dea3b9c6_Utterance_3_800_825.wav,6.815
NNM,M,Spk7,U_68dea3b9c6,800_825,Bemba_NNM_Spk7_U_68dea3b9c6_Utterance_4,ikila we kumbi linoono kabili shinguluka pa ntanshi ya menso yakwa thel,Bemba_NNM_Spk7_U_68dea3b9c6_Utterance_4_800_825.wav,9.061
NNM,M,Spk7,U_68dea3b9c6,800_825,Bemba_NNM_Spk7_U_68dea3b9c6_Utterance_5,ninshi nakuntukilwa munkuntu apeele icishibilo abafyashi bakwe ukuti alefwaya ukuba nabo eka,Bemba_NNM_Spk7_U_68dea3b9c6_Utterance_5_800_825.wav,6.047
NNM,M,Spk7,U_68dea3b9c6,800_825,Bemba_NNM_Spk7_U_68dea3b9c6_Utterance_6,iyo nakalya uli lubali lumbi ulwa mulandu ululesuminishanya na ine,Bemba_NNM_Spk7_U_68dea3b9c6_Utterance_6_800_825.wav,6.815
NNM,M,Spk7,U_68dea3b9c6,800_825,Bemba_NNM_Spk7_U_68dea3b9c6_Utterance_7,abashilika basangile abantu mu cipowe kabili babashile mu cuma eyefilwa,Bemba_NNM_Spk7_U_68dea3b9c6_Utterance_7_800_825.wav,9.175
NNM,M,Spk7,U_68dea3b9c6,800_825,Bemba_NNM_Spk7_U_68dea3b9c6_Utterance_8,kaputeni martin atile nalakupeela imfuti pakuti ikwafwe ukuicingilila nga cakuti ifintu fyabipililako,Bemba_NNM_Spk7_U_68dea3b9c6_Utterance_8_800_825.wav,9.576
NNM,M,Spk7,U_68dea3b9c6,800_825,Bemba_NNM_Spk7_U_68dea3b9c6_Utterance_9,kwena ifi tekuti ficitwe mu kushipa kwa lyonse ukwa munkondo kuti fyacitwa ukupitila munshila ya kuswaikwa,Bemba_NNM_Spk7_U_68dea3b9c6_Utterance_9_800_825.wav,2.356
NNM,M,Spk7,U_68dea3b9c6,800_825,Bemba_NNM_Spk7_U_68dea3b9c6_Utterance_10,acita kwati nalimo taletwenekela,Bemba_NNM_Spk7_U_68dea3b9c6_Utterance_10_800_825.wav,8.911
NNM,M,Spk7,U_68dea3b9c6,800_825,Bemba_NNM_Spk7_U_68dea3b9c6_Utterance_11,kuti capabuka nga icimana ca mediterranean nelyo icimana ca atlantic kabili mulandu nshi tekuti cibeele,Bemba_NNM_Spk7_U_68dea3b9c6_Utterance_11_800_825.wav,4.517
NNM,M,Spk7,U_68dea3b9c6,800_825,Bemba_NNM_Spk7_U_68dea3b9c6_Utterance_12,banjeleleko takuli ifishibilo kuno efyo alandile,Bemba_NNM_Spk7_U_68dea3b9c6_Utterance_12_800_825.wav,14.859
NNM,M,Spk7,U_68dea3b9c6,800_825,Bemba_NNM_Spk7_U_68dea3b9c6_Utterance_13,ubwato bwelela bwalisendwa ukutwalwa pa muulu wa lupili kabili bwalisunkwa panshi na kabili pa ntamfu ya mamita 36.5,Bemba_NNM_Spk7_U_68dea3b9c6_Utterance_13_800_825.wav,12.786
NNM,M,Spk7,U_68dea3b9c6,800_825,Bemba_NNM_Spk7_U_68dea3b9c6_Utterance_14,umukashi wakwe nomba bamushika lubali lwakwe kabili icipampa ca buuta icishibisha imanda shabo cilabeeka ukufika kwi bala lya ngano,Bemba_NNM_Spk7_U_68dea3b9c6_Utterance_14_800_825.wav,8.35
NNM,M,Spk7,U_68dea3b9c6,800_825,Bemba_NNM_Spk7_U_68dea3b9c6_Utterance_15,nelyo ilinso lya fyabupe ne cikuukufilelanga ifisabo ne mbelele ya golide,Bemba_NNM_Spk7_U_68dea3b9c6_Utterance_15_800_825.wav,6.459
NNM,M,Spk7,U_68dea3b9c6,800_825,Bemba_NNM_Spk7_U_68dea3b9c6_Utterance_16,nalemumfwa libili libili alekulandapo munshila imo iine iyapalako,Bemba_NNM_Spk7_U_68dea3b9c6_Utterance_16_800_825.wav,6.081
NNM,M,Spk7,U_68dea3b9c6,800_825,Bemba_NNM_Spk7_U_68dea3b9c6_Utterance_17,shikulu wandi ba mama bana milner balikwata imisalile ya fintu iyafikapo te ibi iyo,Bemba_NNM_Spk7_U_68dea3b9c6_Utterance_17_800_825.wav,11.346
NNM,M,Spk7,U_68dea3b9c6,800_825,Bemba_NNM_Spk7_U_68dea3b9c6_Utterance_18,ali uwamutima uwanakilila kabili uwacincila efyalandile beth kabili ilyo ali mucitemwiko talekele ukupenda ifipooswa,Bemba_NNM_Spk7_U_68dea3b9c6_Utterance_18_800_825.wav,9.437
NNM,M,Spk7,U_68dea3b9c6,800_825,Bemba_NNM_Spk7_U_68dea3b9c6_Utterance_19,mukupumikisha icisabi ca ichthyosaurus na plesiosaurus fyalubiile panshi ukusha amenshi yaleshunguluka pa muulu,Bemba_NNM_Spk7_U_68dea3b9c6_Utterance_19_800_825.wav,15.258
NNM,M,Spk7,U_68dea3b9c6,800_825,Bemba_NNM_Spk7_U_68dea3b9c6_Utterance_20,walilungike ukulanda ati iyo efyo ambrose alandile tekwesha ukulapeepa na john jago fwaka yakwe ikakupeela sumu,Bemba_NNM_Spk7_U_68dea3b9c6_Utterance_20_800_825.wav,4.145
NNM,M,Spk7,U_68dea3b9c6,800_825,Bemba_NNM_Spk7_U_68dea3b9c6_Utterance_21,watson lyonse ndakufyenga kwaliba na bambi,Bemba_NNM_Spk7_U_68dea3b9c6_Utterance_21_800_825.wav,3.881
NNM,M,Spk7,U_68dea3b9c6,800_825,Bemba_NNM_Spk7_U_68dea3b9c6_Utterance_22,taci icalinga ukulanda ifingi ifya ifyo pano,Bemba_NNM_Spk7_U_68dea3b9c6_Utterance_22_800_825.wav,9.132
NNM,M,Spk7,U_68dea3b9c6,800_825,Bemba_NNM_Spk7_U_68dea3b9c6_Utterance_23,lelo kuli bawishi ing'anda basungilamo ifilyo shikulu kuti aba uwancito iili yonse,Bemba_NNM_Spk7_U_68dea3b9c6_Utterance_23_800_825.wav,7.732
NNM,M,Spk7,U_68dea3b9c6,800_825,Bemba_NNM_Spk7_U_68dea3b9c6_Utterance_24,holmes acikeete mukufunguluka mu kuboko kwakwe mulubuuto lwe laiti,Bemba_NNM_Spk7_U_68dea3b9c6_Utterance_24_800_825.wav,10.543
NNM,M,Spk7,U_68dea3b9c6,800_825,Bemba_NNM_Spk7_U_68dea3b9c6_Utterance_25,aloleshe pa muulu mukukanatasha nalimo lelo apangile icishibisho ca kuti bekale panshi,Bemba_NNM_Spk7_U_68dea3b9c6_Utterance_25_800_825.wav,9.1
NNM,M,Spk7,U_68dea3b9c6,825_850,Bemba_NNM_Spk7_U_68dea3b9c6_Utterance_1,nalimona ifingi ifya musango uyo mu nshiku shandi,Bemba_NNM_Spk7_U_68dea3b9c6_Utterance_1_825_850.wav,3.936
NNM,M,Spk7,U_68dea3b9c6,825_850,Bemba_NNM_Spk7_U_68dea3b9c6_Utterance_2,nshishipile ukuya apatali nga apo lelo pali bonse batatu ena nalimo ewalekeleshako ukuba ifyo,Bemba_NNM_Spk7_U_68dea3b9c6_Utterance_2_825_850.wav,9.555
NNM,M,Spk7,U_68dea3b9c6,825_850,Bemba_NNM_Spk7_U_68dea3b9c6_Utterance_3,lelo pali iyi nshita mumukuku uwingi tacali icakucitika ukuti kuti aiakala panshi,Bemba_NNM_Spk7_U_68dea3b9c6_Utterance_3_825_850.wav,8.045
NNM,M,Spk7,U_68dea3b9c6,825_850,Bemba_NNM_Spk7_U_68dea3b9c6_Utterance_4,ici we munandi cisende kabili acifumbatiike mu kuboko kwa mulimi,Bemba_NNM_Spk7_U_68dea3b9c6_Utterance_4_825_850.wav,7.115
NNM,M,Spk7,U_68dea3b9c6,825_850,Bemba_NNM_Spk7_U_68dea3b9c6_Utterance_5,bushe wacilolekeshapo pa mapepala aya pe tebulo,Bemba_NNM_Spk7_U_68dea3b9c6_Utterance_5_825_850.wav,4.357
NNM,M,Spk7,U_68dea3b9c6,825_850,Bemba_NNM_Spk7_U_68dea3b9c6_Utterance_6,ndamweba ukumpelako kofi nga naiwama,Bemba_NNM_Spk7_U_68dea3b9c6_Utterance_6_825_850.wav,3.455
NNM,M,Spk7,U_68dea3b9c6,825_850,Bemba_NNM_Spk7_U_68dea3b9c6_Utterance_7,te golide nelyo siufele nelyo impaanga ya pacakucilila nelyo malaika kanofye umwine bushe canshi,Bemba_NNM_Spk7_U_68dea3b9c6_Utterance_7_825_850.wav,10.055
NNM,M,Spk7,U_68dea3b9c6,825_850,Bemba_NNM_Spk7_U_68dea3b9c6_Utterance_8,leka shimucindikwe obe aleya robin kabili ndaya ukuti unshalikepo,Bemba_NNM_Spk7_U_68dea3b9c6_Utterance_8_825_850.wav,6.71
NNM,M,Spk7,U_68dea3b9c6,825_850,Bemba_NNM_Spk7_U_68dea3b9c6_Utterance_9,kwaliba mukufusha nelyo mukucepako imitantikile yafikapo iya fintu umwaba amabumba na mabumba,Bemba_NNM_Spk7_U_68dea3b9c6_Utterance_9_825_850.wav,9.065
NNM,M,Spk7,U_68dea3b9c6,825_850,Bemba_NNM_Spk7_U_68dea3b9c6_Utterance_10,ndi cipicipi no kutontonkanya ukuti ndeibukisha ukuyumfwa uwapusanako panoono,Bemba_NNM_Spk7_U_68dea3b9c6_Utterance_10_825_850.wav,9.367
NNM,M,Spk7,U_68dea3b9c6,825_850,Bemba_NNM_Spk7_U_68dea3b9c6_Utterance_11,lyena nkaishitila ibala kabili lyena nkasangwa muli ilya ncende mu mpepo nomba ni nani akankonka,Bemba_NNM_Spk7_U_68dea3b9c6_Utterance_11_825_850.wav,9.585
NNM,M,Spk7,U_68dea3b9c6,825_850,Bemba_NNM_Spk7_U_68dea3b9c6_Utterance_12,kale kale akapinda ka kukulyo na kapinda ka kukuso fyalelandwapo mulandu nshi tekuti kube ukulandapo kwa masamba,Bemba_NNM_Spk7_U_68dea3b9c6_Utterance_12_825_850.wav,10.766
NNM,M,Spk7,U_68dea3b9c6,825_850,Bemba_NNM_Spk7_U_68dea3b9c6_Utterance_13,icilumba pa numa ya kwikushiwa kwalimwimishe kwati mabimbi ayatali ayalesela panoono panoono,Bemba_NNM_Spk7_U_68dea3b9c6_Utterance_13_825_850.wav,10.28
NNM,M,Spk7,U_68dea3b9c6,825_850,Bemba_NNM_Spk7_U_68dea3b9c6_Utterance_14,pearl pa kumona iluba lyakashika ilya mpanga atendeke ukulilila lilya iluba kabili alekaana ukutalala,Bemba_NNM_Spk7_U_68dea3b9c6_Utterance_14_825_850.wav,1.077
NNM,M,Spk7,U_68dea3b9c6,825_850,Bemba_NNM_Spk7_U_68dea3b9c6_Utterance_15,imfwa yakwe mu kukonkana kwa fintu yali cakucitika ce shamo kubekala mushi,Bemba_NNM_Spk7_U_68dea3b9c6_Utterance_15_825_850.wav,8.192
NNM,M,Spk7,U_68dea3b9c6,825_850,Bemba_NNM_Spk7_U_68dea3b9c6_Utterance_16,uku ukumfwana kwomonekesha kwalangile kabili takwalangile mukufikapo no kucilapo imibele ya bumi bwakwe ubwa mukati,Bemba_NNM_Spk7_U_68dea3b9c6_Utterance_16_825_850.wav,13.07
NNM,M,Spk7,U_68dea3b9c6,825_850,Bemba_NNM_Spk7_U_68dea3b9c6_Utterance_17,imyanda iingi iya bekala mushi abantungwa yayaswike ku bwite bwangu bwangu,Bemba_NNM_Spk7_U_68dea3b9c6_Utterance_17_825_850.wav,6.98
NNM,M,Spk7,U_68dea3b9c6,825_850,Bemba_NNM_Spk7_U_68dea3b9c6_Utterance_18,kwena bamayo efyalandile umusambi wacaice alelolesha pa muulu no kumoneka ukwakubensa,Bemba_NNM_Spk7_U_68dea3b9c6_Utterance_18_825_850.wav,9.485
NNM,M,Spk7,U_68dea3b9c6,825_850,Bemba_NNM_Spk7_U_68dea3b9c6_Utterance_19,eya eya wishupikwa ukwasuka umfwa no kumona ukuti nshilecita ulufyengo ululi lonse kuli iwe,Bemba_NNM_Spk7_U_68dea3b9c6_Utterance_19_825_850.wav,9.435
NNM,M,Spk7,U_68dea3b9c6,825_850,Bemba_NNM_Spk7_U_68dea3b9c6_Utterance_20,ifitabo fibili ifya kwa semon ifilandilwe mwi sambililo lyacifumako tafilandilepo pa bwishibilo bwa cibukisho nakalya mu kwikatana,Bemba_NNM_Spk7_U_68dea3b9c6_Utterance_20_825_850.wav,12.6
NNM,M,Spk7,U_68dea3b9c6,825_850,Bemba_NNM_Spk7_U_68dea3b9c6_Utterance_21,emulandu umo uo wabeela ojo uushashuka efyalandile umwanakashi mwi shiwi ilyakumumfwila ubulanda,Bemba_NNM_Spk7_U_68dea3b9c6_Utterance_21_825_850.wav,10.655
NNM,M,Spk7,U_68dea3b9c6,825_850,Bemba_NNM_Spk7_U_68dea3b9c6_Utterance_22,yali ni kalata yakashikisha mu mibele imbi inkalata yakashikila iyo bapeela ubumi,Bemba_NNM_Spk7_U_68dea3b9c6_Utterance_22_825_850.wav,10.475
NNM,M,Spk7,U_68dea3b9c6,825_850,Bemba_NNM_Spk7_U_68dea3b9c6_Utterance_23,ifimuti fya sombre ifikulu kwati ni kasenda wa manda filetenta ifyafiita kabili ifibi,Bemba_NNM_Spk7_U_68dea3b9c6_Utterance_23_825_850.wav,10.715
NNM,M,Spk7,U_68dea3b9c6,825_850,Bemba_NNM_Spk7_U_68dea3b9c6_Utterance_24,umusambi wandi nabamusha uwacula saana lelo alabombesha kabili alibilingana akacita bwino,Bemba_NNM_Spk7_U_68dea3b9c6_Utterance_24_825_850.wav,9.634
NNM,M,Spk7,U_68dea3b9c6,825_850,Bemba_NNM_Spk7_U_68dea3b9c6_Utterance_25,cali nakuba cilwilo cafikapo ica nshita ya ciko,Bemba_NNM_Spk7_U_68dea3b9c6_Utterance_25_825_850.wav,6.485
NNM,M,Spk5,U_0835e57ac9,700_725,Bemba_NNM_Spk5_U_0835e57ac9_Utterance_1,lelo pilato takwata ukucenjela kumo kwine ukwa pa cilimba uko alanga mu phaedrus nelyo mu kulisha kwa kunkonkanya,Bemba_NNM_Spk5_U_0835e57ac9_Utterance_1_700_725.wav,13.73
NNM,M,Spk5,U_0835e57ac9,700_725,Bemba_NNM_Spk5_U_0835e57ac9_Utterance_2,ali mwanakashi uwakula uwa pa ng'anda bali basungu baishibikwa ababula ishina mu bwikashi,Bemba_NNM_Spk5_U_0835e57ac9_Utterance_2_700_725.wav,9.988
NNM,M,Spk5,U_0835e57ac9,700_725,Bemba_NNM_Spk5_U_0835e57ac9_Utterance_3,ibala lya fisabo lyalebengeshima no kuteemateema mu kasuba,Bemba_NNM_Spk5_U_0835e57ac9_Utterance_3_700_725.wav,6.229
NNM,M,Spk5,U_0835e57ac9,700_725,Bemba_NNM_Spk5_U_0835e57ac9_Utterance_4,ulufumo lwakwa shimweshimwe wandi talwikuta kabili abanininemo baile na golide,Bemba_NNM_Spk5_U_0835e57ac9_Utterance_4_700_725.wav,8.755
NNM,M,Spk5,U_0835e57ac9,700_725,Bemba_NNM_Spk5_U_0835e57ac9_Utterance_5,yaku tata yee bushe imfumu yalikwata amaka ayali yonse ayakuibimba mu milandu yapala ifyo,Bemba_NNM_Spk5_U_0835e57ac9_Utterance_5_700_725.wav,10.143
NNM,M,Spk5,U_0835e57ac9,700_725,Bemba_NNM_Spk5_U_0835e57ac9_Utterance_6,muli iyi yonse kalata paulo alandile pa kubuuka kwa kwa kilisitu,Bemba_NNM_Spk5_U_0835e57ac9_Utterance_6_700_725.wav,7.923
NNM,M,Spk5,U_0835e57ac9,700_725,Bemba_NNM_Spk5_U_0835e57ac9_Utterance_7,p nshita iitali alefwaisha saana ukufwayafwaya umusumba wa oz umo baleikala,Bemba_NNM_Spk5_U_0835e57ac9_Utterance_7_700_725.wav,9.423
NNM,M,Spk5,U_0835e57ac9,700_725,Bemba_NNM_Spk5_U_0835e57ac9_Utterance_8,ici cali ni pa kusala kwa kutantama ukwa 1855,Bemba_NNM_Spk5_U_0835e57ac9_Utterance_8_700_725.wav,6.768
NNM,M,Spk5,U_0835e57ac9,700_725,Bemba_NNM_Spk5_U_0835e57ac9_Utterance_9,kuti nakubombela bwino bwino nga aendela pamo no mulanda,Bemba_NNM_Spk5_U_0835e57ac9_Utterance_9_700_725.wav,5.943
NNM,M,Spk5,U_0835e57ac9,700_725,Bemba_NNM_Spk5_U_0835e57ac9_Utterance_10,muli iyi inshita kwati ni munshita shimbi finshi twingasenda nga inshila yashininkishiwa iyo twingasenda nomba ukucila iyo twingasenda pa numa,Bemba_NNM_Spk5_U_0835e57ac9_Utterance_10_700_725.wav,16.233
NNM,M,Spk5,U_0835e57ac9,700_725,Bemba_NNM_Spk5_U_0835e57ac9_Utterance_11,tukomfwa kilisitu uo basonta kuli shifwe ukuba kafundisha wafuma kuli lesa,Bemba_NNM_Spk5_U_0835e57ac9_Utterance_11_700_725.wav,9.333
NNM,M,Spk5,U_0835e57ac9,700_725,Bemba_NNM_Spk5_U_0835e57ac9_Utterance_12,eico iyo incito tayayangwike ngefyo wingatunkanya,Bemba_NNM_Spk5_U_0835e57ac9_Utterance_12_700_725.wav,7.683
NNM,M,Spk5,U_0835e57ac9,700_725,Bemba_NNM_Spk5_U_0835e57ac9_Utterance_13,nelyo imibele iya bantu besu tekuti ficitike,Bemba_NNM_Spk5_U_0835e57ac9_Utterance_13_700_725.wav,5.718
NNM,M,Spk5,U_0835e57ac9,700_725,Bemba_NNM_Spk5_U_0835e57ac9_Utterance_14,pa muku umo wine paulo ashininkisha ifisumino fyesu ukuti kilisitu ni lesa wine,Bemba_NNM_Spk5_U_0835e57ac9_Utterance_14_700_725.wav,9.078
NNM,M,Spk5,U_0835e57ac9,700_725,Bemba_NNM_Spk5_U_0835e57ac9_Utterance_15,aipwishe mukupumikisha nshasumine  kuti wanashanasha bawishi,Bemba_NNM_Spk5_U_0835e57ac9_Utterance_15_700_725.wav,8.553
NNM,M,Spk5,U_0835e57ac9,700_725,Bemba_NNM_Spk5_U_0835e57ac9_Utterance_16,eico nalikeele kabili nomba ndi liino lyobe ilili mu maka kwena lishuko lya mu nkondo,Bemba_NNM_Spk5_U_0835e57ac9_Utterance_16_700_725.wav,10.413
NNM,M,Spk5,U_0835e57ac9,700_725,Bemba_NNM_Spk5_U_0835e57ac9_Utterance_17,ukukanya aba abatumwa baleyumfwa paulo mukushipa aipokolwele amaka akwete aya butumwa no mulimo akwete,Bemba_NNM_Spk5_U_0835e57ac9_Utterance_17_700_725.wav,12.963
NNM,M,Spk5,U_0835e57ac9,700_725,Bemba_NNM_Spk5_U_0835e57ac9_Utterance_18,ifyacililepo robin atontonkenye ifyo bawishi bengamupanda amano,Bemba_NNM_Spk5_U_0835e57ac9_Utterance_18_700_725.wav,7.878
NNM,M,Spk5,U_0835e57ac9,700_725,Bemba_NNM_Spk5_U_0835e57ac9_Utterance_19,mwaiseni  mukati ba polofesa umuputule wenu ulemulolela,Bemba_NNM_Spk5_U_0835e57ac9_Utterance_19_700_725.wav,6.993
NNM,M,Spk5,U_0835e57ac9,700_725,Bemba_NNM_Spk5_U_0835e57ac9_Utterance_20,ninshi alelungatana itebulo lya mu muputule wa kulilamo abikile bwino bwino akacipe pa kati elyo afumyako insalu,Bemba_NNM_Spk5_U_0835e57ac9_Utterance_20_700_725.wav,12.303
NNM,M,Spk5,U_0835e57ac9,700_725,Bemba_NNM_Spk5_U_0835e57ac9_Utterance_21,kwena nga nshishibe uo ali mucitemwiko nankwe ninjishiba uo aali,Bemba_NNM_Spk5_U_0835e57ac9_Utterance_21_700_725.wav,8.598
NNM,M,Spk5,U_0835e57ac9,700_725,Bemba_NNM_Spk5_U_0835e57ac9_Utterance_22,kabili cilangililo nshi ico walapeela efyaipwishe servadac mukufwaisha ukuti tacakacitike,Bemba_NNM_Spk5_U_0835e57ac9_Utterance_22_700_725.wav,11.704
NNM,M,Spk5,U_0835e57ac9,700_725,Bemba_NNM_Spk5_U_0835e57ac9_Utterance_23,eico paulo nga alilembele icikuuku ukufuma kuli lesa shifwe no mutende ukufuma kuli shikulu yes kilisitu,Bemba_NNM_Spk5_U_0835e57ac9_Utterance_23_700_725.wav,10.46
NNM,M,Spk5,U_0835e57ac9,700_725,Bemba_NNM_Spk5_U_0835e57ac9_Utterance_24,takakushe ubushiku nelyo akasuba nga ulebomba nelyo uleyangala nelyo naulaala,Bemba_NNM_Spk5_U_0835e57ac9_Utterance_24_700_725.wav,9.29
NNM,M,Spk5,U_0835e57ac9,700_725,Bemba_NNM_Spk5_U_0835e57ac9_Utterance_25,kabili bonse bandume yakwe ne nkashi shakwe balimushingulwike no kumfwa no tunwa utwaisuka,Bemba_NNM_Spk5_U_0835e57ac9_Utterance_25_700_725.wav,10.175
NNM,M,Spk5,U_0835e57ac9,725_750,Bemba_NNM_Spk5_U_0835e57ac9_Utterance_1,alexander ashintilile kuntanshikabili akangile amaboko yakwe ku mulilo,Bemba_NNM_Spk5_U_0835e57ac9_Utterance_1_725_750.wav,7.445
NNM,M,Spk5,U_0835e57ac9,725_750,Bemba_NNM_Spk5_U_0835e57ac9_Utterance_2,bushe takatama efyalilile jasper mu cilumba icikulu mu citutumushi batata balishibe ifyakucicita,Bemba_NNM_Spk5_U_0835e57ac9_Utterance_2_725_750.wav,11.39
NNM,M,Spk5,U_0835e57ac9,725_750,Bemba_NNM_Spk5_U_0835e57ac9_Utterance_3,mu ciine ciine aliloleshe kumbi mu bufwayo bwakukanacimona,Bemba_NNM_Spk5_U_0835e57ac9_Utterance_3_725_750.wav,7.52
NNM,M,Spk5,U_0835e57ac9,725_750,Bemba_NNM_Spk5_U_0835e57ac9_Utterance_4,nalacita conse ico ulefwaya ukuti ncite bartley efyo alandile mu mwenso,Bemba_NNM_Spk5_U_0835e57ac9_Utterance_4_725_750.wav,9.035
NNM,M,Spk5,U_0835e57ac9,725_750,Bemba_NNM_Spk5_U_0835e57ac9_Utterance_5,aile mu lubilo mpaka atelemukila mu cishiba ca mucele kabili icishi ca lo kotoni yaiminine pantanshi yakwe,Bemba_NNM_Spk5_U_0835e57ac9_Utterance_5_725_750.wav,10.775
NNM,M,Spk5,U_0835e57ac9,725_750,Bemba_NNM_Spk5_U_0835e57ac9_Utterance_6,mu bwikashi bwa ntambi sha bena kabanga ici cishinka cisangwa pa kati ka bapiina,Bemba_NNM_Spk5_U_0835e57ac9_Utterance_6_725_750.wav,9.065
NNM,M,Spk5,U_0835e57ac9,725_750,Bemba_NNM_Spk5_U_0835e57ac9_Utterance_7,abutukiile ku mulume wakwe pa muku umo kabili amwafwile ukumya ama ketulo yane ukufumya pa mulilo,Bemba_NNM_Spk5_U_0835e57ac9_Utterance_7_725_750.wav,12.995
NNM,M,Spk5,U_0835e57ac9,725_750,Bemba_NNM_Spk5_U_0835e57ac9_Utterance_8,walansha neka mu muputule wandi nelyo bushe nje pa kuti nkufyuke,Bemba_NNM_Spk5_U_0835e57ac9_Utterance_8_725_750.wav,8.015
NNM,M,Spk5,U_0835e57ac9,725_750,Bemba_NNM_Spk5_U_0835e57ac9_Utterance_9,antumiine amabula ya citabo ayo muleipusha ilyo ashilafwa,Bemba_NNM_Spk5_U_0835e57ac9_Utterance_9_725_750.wav,7.475
NNM,M,Spk5,U_0835e57ac9,725_750,Bemba_NNM_Spk5_U_0835e57ac9_Utterance_10,nasumina mukusambilisha abantu mukufikapo saana umusungu wa kubulaya efyo asumisheko kufyo alandile,Bemba_NNM_Spk5_U_0835e57ac9_Utterance_10_725_750.wav,10.655
NNM,M,Spk5,U_0835e57ac9,725_750,Bemba_NNM_Spk5_U_0835e57ac9_Utterance_11,ing'anda ya mafunde na bena scot bafishishe ifyo baletubulula ku mfumu,Bemba_NNM_Spk5_U_0835e57ac9_Utterance_11_725_750.wav,8.885
NNM,M,Spk5,U_0835e57ac9,725_750,Bemba_NNM_Spk5_U_0835e57ac9_Utterance_12,mukufikapo uku ekwali ukulondolola kwa kwa jacob ukwakulungatika ukwa kwa shikulu alebombela pamo no mukashi wakwe,Bemba_NNM_Spk5_U_0835e57ac9_Utterance_12_725_750.wav,13.745
NNM,M,Spk5,U_0835e57ac9,725_750,Bemba_NNM_Spk5_U_0835e57ac9_Utterance_13,apa nomba baleyangala ne filubi fyabo mu muputule wa kwikalamo,Bemba_NNM_Spk5_U_0835e57ac9_Utterance_13_725_750.wav,6.048
NNM,M,Spk5,U_0835e57ac9,725_750,Bemba_NNM_Spk5_U_0835e57ac9_Utterance_14,umutengo walipiile mu maka mwi samba lya mukuba uukalamba uwalebilauka kabili waleng'onta saana,Bemba_NNM_Spk5_U_0835e57ac9_Utterance_14_725_750.wav,11.223
NNM,M,Spk5,U_0835e57ac9,725_750,Bemba_NNM_Spk5_U_0835e57ac9_Utterance_15,emukwai umuntu uo imwe mwe kanabesa muli ali mu kumfwana kwafikapo nefyo mufwile ukuba,Bemba_NNM_Spk5_U_0835e57ac9_Utterance_15_725_750.wav,11.375
NNM,M,Spk5,U_0835e57ac9,725_750,Bemba_NNM_Spk5_U_0835e57ac9_Utterance_16,uncas asotwele inkanda yakwe kabili aishile iminina ku ntanshi mu busuma bwakwe bonse,Bemba_NNM_Spk5_U_0835e57ac9_Utterance_16_725_750.wav,5.165
NNM,M,Spk5,U_0835e57ac9,725_750,Bemba_NNM_Spk5_U_0835e57ac9_Utterance_17,eico isa kabili leka tubasanse amatipa,Bemba_NNM_Spk5_U_0835e57ac9_Utterance_17_725_750.wav,9.95
NNM,M,Spk5,U_0835e57ac9,725_750,Bemba_NNM_Spk5_U_0835e57ac9_Utterance_18,twalaisa  muno kano kasuba natufwala ne fyakufwala fya kale kabili twalawamya ing'anda nga lyonse,Bemba_NNM_Spk5_U_0835e57ac9_Utterance_18_725_750.wav,9.785
NNM,M,Spk5,U_0835e57ac9,725_750,Bemba_NNM_Spk5_U_0835e57ac9_Utterance_19,uku e kulondolola kwa bena mulundu ukusangwa muli lulya ulubali ulwa cimana ca antlantic,Bemba_NNM_Spk5_U_0835e57ac9_Utterance_19_725_750.wav,7.625
NNM,M,Spk5,U_0835e57ac9,725_750,Bemba_NNM_Spk5_U_0835e57ac9_Utterance_20,nici eco balefwaisha ukumfwikisha ifisambililo fya mantonkanyo,Bemba_NNM_Spk5_U_0835e57ac9_Utterance_20_725_750.wav,8.945
NNM,M,Spk5,U_0835e57ac9,725_750,Bemba_NNM_Spk5_U_0835e57ac9_Utterance_21,mulandu nshi kanakashi wa ku vales iya ku har engalaishisha icefu,Bemba_NNM_Spk5_U_0835e57ac9_Utterance_21_725_750.wav,6.86
NNM,M,Spk5,U_0835e57ac9,725_750,Bemba_NNM_Spk5_U_0835e57ac9_Utterance_22,fyonse fishilwa ifyapangwa pali villa d'este wamona,Bemba_NNM_Spk5_U_0835e57ac9_Utterance_22_725_750.wav,9.275
NNM,M,Spk5,U_0835e57ac9,725_750,Bemba_NNM_Spk5_U_0835e57ac9_Utterance_23,ndemona ifyo fyalabomba efyo akonkenyepo ico imibele imbi tailefwaikwa mu mubomfi,Bemba_NNM_Spk5_U_0835e57ac9_Utterance_23_725_750.wav,8.795
NNM,M,Spk5,U_0835e57ac9,725_750,Bemba_NNM_Spk5_U_0835e57ac9_Utterance_24,bushe nimwisa mwingalosha pali ico ba mama ba woodley mulalanda ifyapikaana,Bemba_NNM_Spk5_U_0835e57ac9_Utterance_24_725_750.wav,7.13
NNM,M,Spk5,U_0835e57ac9,725_750,Bemba_NNM_Spk5_U_0835e57ac9_Utterance_25,ubukulu bwa cilubula kilisitu umwana wa kwa lesa alalangilila ici,Bemba_NNM_Spk5_U_0835e57ac9_Utterance_25_725_750.wav,9.395
NNM,M,Spk4,U_76871ea104,675_700,Bemba_NNM_Spk4_U_76871ea104_Utterance_1,ilyo ifi fyalecitika rodolfo alikomene kale leocadia mu mupule wakwe kabili mu muputule wakwe wine,Bemba_NNM_Spk4_U_76871ea104_Utterance_1_675_700.wav,11.598
NNM,M,Spk4,U_76871ea104,675_700,Bemba_NNM_Spk4_U_76871ea104_Utterance_2,nicofye kwaba imisango ibili iya makumbi no mulilo,Bemba_NNM_Spk4_U_76871ea104_Utterance_2_675_700.wav,6.468
NNM,M,Spk4,U_76871ea104,675_700,Bemba_NNM_Spk4_U_76871ea104_Utterance_3,pa cibelushi mu kasakantobo pa 15 icimana caiswike ukwabula ukumona umushili nangu kumo,Bemba_NNM_Spk4_U_76871ea104_Utterance_3_675_700.wav,12.978
NNM,M,Spk4,U_76871ea104,675_700,Bemba_NNM_Spk4_U_76871ea104_Utterance_4,abena musulmanan na bena giaours baposa kerchief mu kumwentula kabili ukulenga ruth ukukanalila,Bemba_NNM_Spk4_U_76871ea104_Utterance_4_675_700.wav,11.988
NNM,M,Spk4,U_76871ea104,675_700,Bemba_NNM_Spk4_U_76871ea104_Utterance_5,naliipelesha ukuya ukuli konse mu myeshi mutanda iileisa,Bemba_NNM_Spk4_U_76871ea104_Utterance_5_675_700.wav,7.683
NNM,M,Spk4,U_76871ea104,675_700,Bemba_NNM_Spk4_U_76871ea104_Utterance_6,nawisa andella andellla lyali lishina lwa cilubi cakwa jane ukupangila rosalie ubutandashi,Bemba_NNM_Spk4_U_76871ea104_Utterance_6_675_700.wav,9.933
NNM,M,Spk4,U_76871ea104,675_700,Bemba_NNM_Spk4_U_76871ea104_Utterance_7,ukulanshanya ukwalifye ukwa cimwela kwali kulanshanya pa kati ka kwa naomi na ine pa kati ke tebulo,Bemba_NNM_Spk4_U_76871ea104_Utterance_7_675_700.wav,10.023
NNM,M,Spk4,U_76871ea104,675_700,Bemba_NNM_Spk4_U_76871ea104_Utterance_8,uyu ali mwanakashi wawama nganshi shikulu kabili munshila imo ndetontonkanya ukuti alifwile,Bemba_NNM_Spk4_U_76871ea104_Utterance_8_675_700.wav,10.366
NNM,M,Spk4,U_76871ea104,675_700,Bemba_NNM_Spk4_U_76871ea104_Utterance_9,ndi no mwenso nshaishiba ifingi pa musumba wa oz,Bemba_NNM_Spk4_U_76871ea104_Utterance_9_675_700.wav,6.005
NNM,M,Spk4,U_76871ea104,675_700,Bemba_NNM_Spk4_U_76871ea104_Utterance_10,kabili tawabalile auba uwafulwa kuli ine,Bemba_NNM_Spk4_U_76871ea104_Utterance_10_675_700.wav,5.162
NNM,M,Spk4,U_76871ea104,675_700,Bemba_NNM_Spk4_U_76871ea104_Utterance_11,umwaume alingile no kusenda ifipepala mu fipepala fipepala ukufumya pe tebulo lyali pa kati,Bemba_NNM_Spk4_U_76871ea104_Utterance_11_675_700.wav,10.355
NNM,M,Spk4,U_76871ea104,675_700,Bemba_NNM_Spk4_U_76871ea104_Utterance_12,nacumfya mu mafupa yandi ilyo nacibuka luno lucelo ukuti fimo ifisuma saana fyali no kucitika,Bemba_NNM_Spk4_U_76871ea104_Utterance_12_675_700.wav,10.135
NNM,M,Spk4,U_76871ea104,675_700,Bemba_NNM_Spk4_U_76871ea104_Utterance_13,pa cishishinka tali nokucita ifyo efyalandile soames pantu naingilile pa mwinshi wapa mbali,Bemba_NNM_Spk4_U_76871ea104_Utterance_13_675_700.wav,11.44
NNM,M,Spk4,U_76871ea104,675_700,Bemba_NNM_Spk4_U_76871ea104_Utterance_14,fumyako amano nga watemwa ni lisa ilyo nabala akukonkapo,Bemba_NNM_Spk4_U_76871ea104_Utterance_14_675_700.wav,8.044
NNM,M,Spk4,U_76871ea104,675_700,Bemba_NNM_Spk4_U_76871ea104_Utterance_15,takwatala ukuba ubushiku bumo ukufuma munshiku umwanda umwanda umo umwabafye insansa na kasuba,Bemba_NNM_Spk4_U_76871ea104_Utterance_15_675_700.wav,10.03
NNM,M,Spk4,U_76871ea104,675_700,Bemba_NNM_Spk4_U_76871ea104_Utterance_16,lelo ubupusano ubwamucinkumbawile bwa kuti pali filya baiswililepo filekeleshiwe,Bemba_NNM_Spk4_U_76871ea104_Utterance_16_675_700.wav,8.893
NNM,M,Spk4,U_76871ea104,675_700,Bemba_NNM_Spk4_U_76871ea104_Utterance_17,ndekupepelako lelo te fimo fiine nga cakuti walempepelako,Bemba_NNM_Spk4_U_76871ea104_Utterance_17_675_700.wav,7.63
NNM,M,Spk4,U_76871ea104,675_700,Bemba_NNM_Spk4_U_76871ea104_Utterance_18,mona cibusa wandi uyu mulandu wa cishimweshimwe cicintomfwa icisabi ca narwhale,Bemba_NNM_Spk4_U_76871ea104_Utterance_18_675_700.wav,9.24
NNM,M,Spk4,U_76871ea104,675_700,Bemba_NNM_Spk4_U_76871ea104_Utterance_19,nabulile ubulungu bwa golide ubwakwatisha umutengo busano ukufuma mu cakusungilamo ifyuma no kumupeela,Bemba_NNM_Spk4_U_76871ea104_Utterance_19_675_700.wav,11.54
NNM,M,Spk4,U_76871ea104,675_700,Bemba_NNM_Spk4_U_76871ea104_Utterance_20,ali kwati mufyashi wandi mu nshita imo nangu cakuti taali mufyashi wandi,Bemba_NNM_Spk4_U_76871ea104_Utterance_20_675_700.wav,8.24
NNM,M,Spk4,U_76871ea104,675_700,Bemba_NNM_Spk4_U_76871ea104_Utterance_21,ukufwaisha kwa kale cibusa cisuma lelo cabulanda kabili tapali icakucita pantu umukashi wakwa rogers alkwete bulya ubusanso,Bemba_NNM_Spk4_U_76871ea104_Utterance_21_675_700.wav,12.812
NNM,M,Spk4,U_76871ea104,675_700,Bemba_NNM_Spk4_U_76871ea104_Utterance_22,ndeenekela waliba umwanakashi umusuma andella ukutula apo waishile kuno pa kubala,Bemba_NNM_Spk4_U_76871ea104_Utterance_22_675_700.wav,8.31
NNM,M,Spk4,U_76871ea104,675_700,Bemba_NNM_Spk4_U_76871ea104_Utterance_23,nalanda ukuti shikulu harry umukashana munoono akalaya alelumbuka cuno cungulo bushe te ifyo,Bemba_NNM_Spk4_U_76871ea104_Utterance_23_675_700.wav,12.321
NNM,M,Spk4,U_76871ea104,675_700,Bemba_NNM_Spk4_U_76871ea104_Utterance_24,taali na maka yakusalapo ifyo cali no kuba mukulungatika,Bemba_NNM_Spk4_U_76871ea104_Utterance_24_675_700.wav,7.655
NNM,M,Spk4,U_76871ea104,650_675,Bemba_NNM_Spk4_U_76871ea104_Utterance_1,palya jap wacikwata efyasekele percy ilyo bambi balepunda ilyo bamwene icinso ca kwa jasper,Bemba_NNM_Spk4_U_76871ea104_Utterance_1_650_675.wav,10.43
NNM,M,Spk4,U_76871ea104,650_675,Bemba_NNM_Spk4_U_76871ea104_Utterance_2,nalitemwa ukulanda kuli carl pali new york nefyo ningacita nga nali kulya,Bemba_NNM_Spk4_U_76871ea104_Utterance_2_650_675.wav,8.63
NNM,M,Spk4,U_76871ea104,650_675,Bemba_NNM_Spk4_U_76871ea104_Utterance_3,mona ukutemwa umo nga ifyo nakutemwa kulenga icalo ukwaluka,Bemba_NNM_Spk4_U_76871ea104_Utterance_3_650_675.wav,9.02
NNM,M,Spk4,U_76871ea104,650_675,Bemba_NNM_Spk4_U_76871ea104_Utterance_4,ilyo bafumishe abafungwa pe awala lyasontelwe imipila ya cela yalilashilwe ukupula mu cibumba,Bemba_NNM_Spk4_U_76871ea104_Utterance_4_650_675.wav,10.775
NNM,M,Spk4,U_76871ea104,650_675,Bemba_NNM_Spk4_U_76871ea104_Utterance_5,bushe walikwetepo umweni wacindama filya ilyo nshilatwalilila,Bemba_NNM_Spk4_U_76871ea104_Utterance_5_650_675.wav,6.995
NNM,M,Spk4,U_76871ea104,650_675,Bemba_NNM_Spk4_U_76871ea104_Utterance_6,shi naukanwemo mu mutekatima imyaka iingi,Bemba_NNM_Spk4_U_76871ea104_Utterance_6_650_675.wav,6.335
NNM,M,Spk4,U_76871ea104,650_675,Bemba_NNM_Spk4_U_76871ea104_Utterance_7,aba bacipondoka ba bulungami bwa kwa kilisitu na wishi no mwana na bonse babili,Bemba_NNM_Spk4_U_76871ea104_Utterance_7_650_675.wav,8.33
NNM,M,Spk4,U_76871ea104,650_675,Bemba_NNM_Spk4_U_76871ea104_Utterance_8,kuli ici icasuko cakwe cali iyo ukwabula no kuposa inshita natasha lesa iyo kabili icilembelwe cobe,Bemba_NNM_Spk4_U_76871ea104_Utterance_8_650_675.wav,11.9
NNM,M,Spk4,U_76871ea104,650_675,Bemba_NNM_Spk4_U_76871ea104_Utterance_9,pali nomba ndayabomfya nga ifyakuyemfeshako ibala lyandi,Bemba_NNM_Spk4_U_76871ea104_Utterance_9_650_675.wav,7.61
NNM,M,Spk4,U_76871ea104,650_675,Bemba_NNM_Spk4_U_76871ea104_Utterance_10,lelo teficilile ifyaba muli baibolo ba mayosenge efyalandile dinah,Bemba_NNM_Spk4_U_76871ea104_Utterance_10_650_675.wav,8.105
NNM,M,Spk4,U_76871ea104,650_675,Bemba_NNM_Spk4_U_76871ea104_Utterance_11,mu cikungulupepo  pa 27 mu 1837 aleemba ukuti,Bemba_NNM_Spk4_U_76871ea104_Utterance_11_650_675.wav,7.025
NNM,M,Spk4,U_76871ea104,650_675,Bemba_NNM_Spk4_U_76871ea104_Utterance_12,ilyo apupwike panshi alefisha amaala yakwe tayafikile na patali ukucila apabelele umutwe wa mbutushi,Bemba_NNM_Spk4_U_76871ea104_Utterance_12_650_675.wav,12.845
NNM,M,Spk4,U_76871ea104,650_675,Bemba_NNM_Spk4_U_76871ea104_Utterance_13,ukwibukisha kufwile ukuba ukubako lyonse mu nshila imo ukupala  nelyo ukupalako ku fileibukishiwa,Bemba_NNM_Spk4_U_76871ea104_Utterance_13_650_675.wav,9.485
NNM,M,Spk4,U_76871ea104,650_675,Bemba_NNM_Spk4_U_76871ea104_Utterance_14,yangu ifyebo fyakubelenga yangu ifikope ifyakumonapo ifyo fyabipa,Bemba_NNM_Spk4_U_76871ea104_Utterance_14_650_675.wav,7.25
NNM,M,Spk4,U_76871ea104,650_675,Bemba_NNM_Spk4_U_76871ea104_Utterance_15,efyo alilile alepelusha ilampi pantanshi yakwe aleshininkisha ukuti tapaali ifiwa pantanshi yakwe,Bemba_NNM_Spk4_U_76871ea104_Utterance_15_650_675.wav,10.85
NNM,M,Spk4,U_76871ea104,650_675,Bemba_NNM_Spk4_U_76871ea104_Utterance_16,kabili waba muli lilya ibumba linoono ilya bantu ilya nsansa,Bemba_NNM_Spk4_U_76871ea104_Utterance_16_650_675.wav,6.59
NNM,M,Spk4,U_76871ea104,650_675,Bemba_NNM_Spk4_U_76871ea104_Utterance_17,ndemona balelefye ukwabula isubilo kabili ubwamba baleloosha kabili takuli uwakwasuka kabili uwakukutasha no kumwentula kwa banyina,Bemba_NNM_Spk4_U_76871ea104_Utterance_17_650_675.wav,14.39
NNM,M,Spk4,U_76871ea104,650_675,Bemba_NNM_Spk4_U_76871ea104_Utterance_18,inambala ikumi ilekulolela nelly walelema alekulolela cungulopo we mulume,Bemba_NNM_Spk4_U_76871ea104_Utterance_18_650_675.wav,9.71
NNM,M,Spk4,U_76871ea104,650_675,Bemba_NNM_Spk4_U_76871ea104_Utterance_19,cila umo umo uwa ifwe alalopolwa ku numa ya bwato,Bemba_NNM_Spk4_U_76871ea104_Utterance_19_650_675.wav,6.605
NNM,M,Spk4,U_76871ea104,650_675,Bemba_NNM_Spk4_U_76871ea104_Utterance_20,mukukonkapo kwaishile inshita yakwa olive iyakwafwalisha mu misefeshe,Bemba_NNM_Spk4_U_76871ea104_Utterance_20_650_675.wav,9.095
NNM,M,Spk4,U_76871ea104,650_675,Bemba_NNM_Spk4_U_76871ea104_Utterance_21,mukumbatile kabili labako pafyo lesa aba,Bemba_NNM_Spk4_U_76871ea104_Utterance_21_650_675.wav,5.135
NNM,M,Spk4,U_76871ea104,650_675,Bemba_NNM_Spk4_U_76871ea104_Utterance_22,ee nifwebo mukushininkisha efyo nayaswike mukuswaika lelo pa numa ya kupanga icinshoko,Bemba_NNM_Spk4_U_76871ea104_Utterance_22_650_675.wav,11.99
NNM,M,Spk4,U_76871ea104,650_675,Bemba_NNM_Spk4_U_76871ea104_Utterance_23,amano ya mfalashi amano ayafikapo ayacingilila umo ukanashitika pa kucimfyanya kwa lubilo,Bemba_NNM_Spk4_U_76871ea104_Utterance_23_650_675.wav,11.465
NNM,M,Spk4,U_76871ea104,650_675,Bemba_NNM_Spk4_U_76871ea104_Utterance_24,nalesunga ifyalembwa eico calyangwike ukusenda icipepala apshalembwa no kusainapo ifyabufi,Bemba_NNM_Spk4_U_76871ea104_Utterance_24_650_675.wav,11.165
NNM,M,Spk4,U_76871ea104,650_675,Bemba_NNM_Spk4_U_76871ea104_Utterance_25,pa nshita imo umubomfi wakwa kilisitu ninshi naimya ukuboko aeseshe ukuwamyako imiseseshe ya mubili wakwe,Bemba_NNM_Spk4_U_76871ea104_Utterance_25_650_675.wav,11.78
NNM,M,Spk3,U_803bede479,600_625,Bemba_NNM_Spk3_U_803bede479_Utterance_1,amashiwi yakutasha yaleisa ukufuma konsekonse ilyo namfumu ali pa lwendo lwakwe,Bemba_NNM_Spk3_U_803bede479_Utterance_1_600_625.wav,11.207
NNM,M,Spk3,U_803bede479,600_625,Bemba_NNM_Spk3_U_803bede479_Utterance_2,ukuwamya ing'anda ukusalangana kwa ncito ifyo filalenga cayangukila ubuteko ukulembesha fyonse ifyo abashilika balefwaya,Bemba_NNM_Spk3_U_803bede479_Utterance_2_600_625.wav,13.447
NNM,M,Spk3,U_803bede479,600_625,Bemba_NNM_Spk3_U_803bede479_Utterance_3,aikele palya pa cishunguluka ica bwato ico nshabalile amona,Bemba_NNM_Spk3_U_803bede479_Utterance_3_600_625.wav,11.207
NNM,M,Spk3,U_803bede479,600_625,Bemba_NNM_Spk3_U_803bede479_Utterance_4,yunifomu yabo ilabipa saana mupepi na kuli bonse abafwile ukuifwala,Bemba_NNM_Spk3_U_803bede479_Utterance_4_600_625.wav,11.207
NNM,M,Spk3,U_803bede479,600_625,Bemba_NNM_Spk3_U_803bede479_Utterance_5,uyu e muku wakulekelesha uwakulila pamo na iwe umutebeto,Bemba_NNM_Spk3_U_803bede479_Utterance_5_600_625.wav,11.207
NNM,M,Spk3,U_803bede479,600_625,Bemba_NNM_Spk3_U_803bede479_Utterance_6,calo nshi wafumako olaf bushe inshita yonse iyi wabafye umusha amenso ya busha yaisasanika,Bemba_NNM_Spk3_U_803bede479_Utterance_6_600_625.wav,11.207
NNM,M,Spk3,U_803bede479,600_625,Bemba_NNM_Spk3_U_803bede479_Utterance_7,isa kuno we cambi na umupokapoka watalala kuli namfumu uwashika mu matontonkanyo,Bemba_NNM_Spk3_U_803bede479_Utterance_7_600_625.wav,11.207
NNM,M,Spk3,U_803bede479,600_625,Bemba_NNM_Spk3_U_803bede479_Utterance_8,otela incende uko umweni ilingi alipila ulupiya amadola ayengi ukupeelwa imiputule yabipa,Bemba_NNM_Spk3_U_803bede479_Utterance_8_600_625.wav,12.815
NNM,M,Spk3,U_803bede479,600_625,Bemba_NNM_Spk3_U_803bede479_Utterance_9,takwali icikuulwa ca mapepo nangufye ca burgos iciine icingalinganishiwa na montmartre,Bemba_NNM_Spk3_U_803bede479_Utterance_9_600_625.wav,12.155
NNM,M,Spk3,U_803bede479,600_625,Bemba_NNM_Spk3_U_803bede479_Utterance_10,ashininkishe eico temukufwayafye icalengele apafikile ukubipa kwa fintu ukwakunuma lelo na mukufwaya ukwishiba icalengele,Bemba_NNM_Spk3_U_803bede479_Utterance_10_600_625.wav,15.425
NNM,M,Spk3,U_803bede479,600_625,Bemba_NNM_Spk3_U_803bede479_Utterance_11,bushe tekuti ine nelyo ndi no bulanda ukucumfwa bushe umwana wakwe aishileba shani,Bemba_NNM_Spk3_U_803bede479_Utterance_11_600_625.wav,11.207
NNM,M,Spk3,U_803bede479,600_625,Bemba_NNM_Spk3_U_803bede479_Utterance_12,umunandi tamoneke ngo wapopomenwa pa mulandu wa kufilwa lelo apukumwine ifipeya ne mipuulwe yakukanaleka,Bemba_NNM_Spk3_U_803bede479_Utterance_12_600_625.wav,13.937
NNM,M,Spk3,U_803bede479,600_625,Bemba_NNM_Spk3_U_803bede479_Utterance_13,ndabombela mukumenda ifya mu ng'anda waishiba kabili ndasakamana ne nsalu,Bemba_NNM_Spk3_U_803bede479_Utterance_13_600_625.wav,11.207
NNM,M,Spk3,U_803bede479,600_625,Bemba_NNM_Spk3_U_803bede479_Utterance_14,ba shikulu ba soames bali nakalimo abasakamikwa na ifi ifyebo fyaishile pa muku umo,Bemba_NNM_Spk3_U_803bede479_Utterance_14_600_625.wav,11.492
NNM,M,Spk3,U_803bede479,600_625,Bemba_NNM_Spk3_U_803bede479_Utterance_15,kabili ulingile ukuba ojo uushashuka efyo alundilepo,Bemba_NNM_Spk3_U_803bede479_Utterance_15_600_625.wav,11.207
NNM,M,Spk3,U_803bede479,600_625,Bemba_NNM_Spk3_U_803bede479_Utterance_16,nalaeshako nga ninjishiba fyonse ifyo naishibe kale,Bemba_NNM_Spk3_U_803bede479_Utterance_16_600_625.wav,11.207
NNM,M,Spk3,U_803bede479,600_625,Bemba_NNM_Spk3_U_803bede479_Utterance_17,teti nteye na iwe kwati kaume akanoono nakabili efyo alandile panoono ifi fiine efyo ufuluka mama marie,Bemba_NNM_Spk3_U_803bede479_Utterance_17_600_625.wav,13.202
NNM,M,Spk3,U_803bede479,600_625,Bemba_NNM_Spk3_U_803bede479_Utterance_18,abwelela mu kukanalanda inshita yonse ishalako iyacungulo,Bemba_NNM_Spk3_U_803bede479_Utterance_18_600_625.wav,11.207
NNM,M,Spk3,U_803bede479,600_625,Bemba_NNM_Spk3_U_803bede479_Utterance_19,nalitemenwe saana akamuputule ka mubwato akatulile mu ofeshi lyakulilamo,Bemba_NNM_Spk3_U_803bede479_Utterance_19_600_625.wav,11.207
NNM,M,Spk3,U_803bede479,600_625,Bemba_NNM_Spk3_U_803bede479_Utterance_20,kabili umwana wa mubomfi wa mwibala atemeneicimuti mu tupimfya tunoono kwali umwina watuko nawinama palya,Bemba_NNM_Spk3_U_803bede479_Utterance_20_600_625.wav,12.861
NNM,M,Spk3,U_803bede479,600_625,Bemba_NNM_Spk3_U_803bede479_Utterance_21,ninguminina pa mulandu wakwikalisha pa nshita iitali efyo alandile ndefwaisha ukulwa napilibukiile ku mulimi,Bemba_NNM_Spk3_U_803bede479_Utterance_21_600_625.wav,14.241
NNM,M,Spk3,U_803bede479,600_625,Bemba_NNM_Spk3_U_803bede479_Utterance_22,ningumfwa fimo pa lyashi lyobe efyalandile kenneth kabili ndelifwaisha ukumfwa,Bemba_NNM_Spk3_U_803bede479_Utterance_22_600_625.wav,11.207
NNM,M,Spk3,U_803bede479,600_625,Bemba_NNM_Spk3_U_803bede479_Utterance_23,acili pa mumana lelo ali mu bwato bwa kwa timascheff alilandilefye bwino,Bemba_NNM_Spk3_U_803bede479_Utterance_23_600_625.wav,11.207
NNM,M,Spk3,U_803bede479,600_625,Bemba_NNM_Spk3_U_803bede479_Utterance_24,mukulekelesha fyonse fyali mu mutalalila kabili ifyafiita mu lubansa lwakwa gamewell,Bemba_NNM_Spk3_U_803bede479_Utterance_24_600_625.wav,11.207
NNM,M,Spk3,U_803bede479,600_625,Bemba_NNM_Spk3_U_803bede479_Utterance_25,nautilus yaba cipicipi no kuloba mu antarctic kabili nemo alingila mu kupopomenwa,Bemba_NNM_Spk3_U_803bede479_Utterance_25_600_625.wav,11.207
NNM,M,Spk3,U_803bede479,625_650,Bemba_NNM_Spk3_U_803bede479_Utterance_1,bamayo balilile ulya namumona kuno isa isa,Bemba_NNM_Spk3_U_803bede479_Utterance_1_625_650.wav,11.207
NNM,M,Spk3,U_803bede479,625_650,Bemba_NNM_Spk3_U_803bede479_Utterance_2,twalikwata ukushomboka ukunoono kuno ngefyo caba na kumbi kabili ifintu fyonse tekuti ficitikefye ukwabula amafya,Bemba_NNM_Spk3_U_803bede479_Utterance_2_625_650.wav,11.255
NNM,M,Spk3,U_803bede479,625_650,Bemba_NNM_Spk3_U_803bede479_Utterance_3,ulelanda ngo muntu uwasambilila efyalandile beth alelanguluka bushe wikala kwisa,Bemba_NNM_Spk3_U_803bede479_Utterance_3_625_650.wav,8.795
NNM,M,Spk3,U_803bede479,625_650,Bemba_NNM_Spk3_U_803bede479_Utterance_4,monse mubili muli ifi ifisambilisho fyashupa ukumfwikisha ubumi bonse ubwatushunguluka nangu cakuti bulecula bucili bwalicindikwa kabili busuma,Bemba_NNM_Spk3_U_803bede479_Utterance_4_625_650.wav,13.895
NNM,M,Spk3,U_803bede479,625_650,Bemba_NNM_Spk3_U_803bede479_Utterance_5,ngashimako amatwi pa maminiti ikumi kabili walasambilila ifyo balemba ifisela,Bemba_NNM_Spk3_U_803bede479_Utterance_5_625_650.wav,9.605
NNM,M,Spk3,U_803bede479,625_650,Bemba_NNM_Spk3_U_803bede479_Utterance_6,nalimwene pa ciyanda ca babenye ica hamburg amafupa ya cimo pali ifi ifibumbwa amamita ukucila pali pabula,Bemba_NNM_Spk3_U_803bede479_Utterance_6_625_650.wav,14.39
NNM,M,Spk3,U_803bede479,625_650,Bemba_NNM_Spk3_U_803bede479_Utterance_7,ukubengeshima ukwa cimana pa mabuula kwaletepelesha kabili kwaleng'winta  ilyo talaya ukulola ku kapinda ka kulyo,Bemba_NNM_Spk3_U_803bede479_Utterance_7_625_650.wav,14.045
NNM,M,Spk3,U_803bede479,625_650,Bemba_NNM_Spk3_U_803bede479_Utterance_8,awe nalilabileko fyonse pali bongobongo efyapundile umwanakashi,Bemba_NNM_Spk3_U_803bede479_Utterance_8_625_650.wav,8.24
NNM,M,Spk3,U_803bede479,625_650,Bemba_NNM_Spk3_U_803bede479_Utterance_9,ikumbi lyena mukucenjela umutwe wakwe uwa golide kabili ukubengeshima kwakwe kwalifuma,Bemba_NNM_Spk3_U_803bede479_Utterance_9_625_650.wav,13.37
NNM,M,Spk3,U_803bede479,625_650,Bemba_NNM_Spk3_U_803bede479_Utterance_10,fairview yali amamita 19 ukuleepa pakuyako lelo ilyo 10 koloko yalelila balifikile pa cifungo ca musumba,Bemba_NNM_Spk3_U_803bede479_Utterance_10_625_650.wav,14.975
NNM,M,Spk3,U_803bede479,625_650,Bemba_NNM_Spk3_U_803bede479_Utterance_11,ing'anda inunka icushi ubwato bununkila icongo ca nsansa,Bemba_NNM_Spk3_U_803bede479_Utterance_11_625_650.wav,7.025
NNM,M,Spk3,U_803bede479,625_650,Bemba_NNM_Spk3_U_803bede479_Utterance_12,umwana wa mpanga tekuti usakamane nangu panoono pa fintu ifingi ifyo nkumbwa,Bemba_NNM_Spk3_U_803bede479_Utterance_12_625_650.wav,9.11
NNM,M,Spk3,U_803bede479,625_650,Bemba_NNM_Spk3_U_803bede479_Utterance_13,lelo ni fwaka eiletele saana apakalamba ukucitika kwa fyangalo ukwa nomba mukupwililika,Bemba_NNM_Spk3_U_803bede479_Utterance_13_625_650.wav,11.18
NNM,M,Spk3,U_803bede479,625_650,Bemba_NNM_Spk3_U_803bede479_Utterance_14,mu nshilafye yonse balefwaya ukumwenamo amaka ya mutakatifu paulo,Bemba_NNM_Spk3_U_803bede479_Utterance_14_625_650.wav,10.13
NNM,M,Spk3,U_803bede479,625_650,Bemba_NNM_Spk3_U_803bede479_Utterance_15,pa nshita imo pa numa ya ifyo nshaibukishepo nangu cimo icaibela,Bemba_NNM_Spk3_U_803bede479_Utterance_15_625_650.wav,8.045
NNM,M,Spk3,U_803bede479,625_650,Bemba_NNM_Spk3_U_803bede479_Utterance_16,inshita yonse iyasendelwe ukubomba umulimo imyak 14 imyeshi itatu na inshiku shisano,Bemba_NNM_Spk3_U_803bede479_Utterance_16_625_650.wav,9.695
NNM,M,Spk3,U_803bede479,625_650,Bemba_NNM_Spk3_U_803bede479_Utterance_17,amoneke ukulolela ukuti amubweseshe icasuko lelo ilyo ashabweseshe alitwalilile,Bemba_NNM_Spk3_U_803bede479_Utterance_17_625_650.wav,10.175
NNM,M,Spk3,U_803bede479,625_650,Bemba_NNM_Spk3_U_803bede479_Utterance_18,pa muulu na panshi ya menshi efyo twaile mukusenda icuma icingi no kusansamuka ukwingi,Bemba_NNM_Spk3_U_803bede479_Utterance_18_625_650.wav,9.515
NNM,M,Spk3,U_803bede479,625_650,Bemba_NNM_Spk3_U_803bede479_Utterance_19,ubulangeti bwa golide bulangeti bwa siufele efyo alandile,Bemba_NNM_Spk3_U_803bede479_Utterance_19_625_650.wav,8.015
NNM,M,Spk3,U_803bede479,625_650,Bemba_NNM_Spk3_U_803bede479_Utterance_20,apalekanina abantu apacishinka ni palubuuto na pa cintelelwe,Bemba_NNM_Spk3_U_803bede479_Utterance_20_625_650.wav,8.315
NNM,M,Spk3,U_803bede479,625_650,Bemba_NNM_Spk3_U_803bede479_Utterance_21,alipatile imiminine iingalenga yaingilila  ukufwaisha kwakwe ukwa kwafwa abaice,Bemba_NNM_Spk3_U_803bede479_Utterance_21_625_650.wav,10.235
NNM,M,Spk3,U_803bede479,625_650,Bemba_NNM_Spk3_U_803bede479_Utterance_22,uyu efyo balandile ecintomfwa uutwingilila mukwiba amakoti yesu,Bemba_NNM_Spk3_U_803bede479_Utterance_22_625_650.wav,8.495
NNM,M,Spk3,U_803bede479,625_650,Bemba_NNM_Spk3_U_803bede479_Utterance_23,kwalifitile icakuti tekuti mbone nangu cimo kanofye tumo tumo utwalepuka  pa calo,Bemba_NNM_Spk3_U_803bede479_Utterance_23_625_650.wav,10.22
NNM,M,Spk3,U_803bede479,625_650,Bemba_NNM_Spk3_U_803bede479_Utterance_24,temulandu nefyo bapingwilepo pali hawkeye alyumfwikishe fyonse ifyalebafya no busanso ubo ali nokupitamo,Bemba_NNM_Spk3_U_803bede479_Utterance_24_625_650.wav,13.505
NNM,M,Spk3,U_803bede479,625_650,Bemba_NNM_Spk3_U_803bede479_Utterance_25,kabili icandi kufwaisha ukuba cibusa na stuteley,Bemba_NNM_Spk3_U_803bede479_Utterance_25_625_650.wav,13.505
